id,ut,doi,pmid,times cited,source
44,WOS:000395949300007,10.2106/JBJS.15.01495,27655978,35,http://gateway.webofknowledge.com/gateway/Gateway.cgi?GWVersion=2&SrcApp=PARTNER_APP&SrcAuth=LinksAMR&KeyUT=WOS:000395949300007&DestLinkType=FullRecord&DestApp=ALL_WOS&UsrCustomerID=d97ee273a286b266effa72435a0a7f77
45,WOS:000395549700002,10.1161/CIR.0000000000000481,28126839,14,http://gateway.webofknowledge.com/gateway/Gateway.cgi?GWVersion=2&SrcApp=PARTNER_APP&SrcAuth=LinksAMR&KeyUT=WOS:000395549700002&DestLinkType=FullRecord&DestApp=ALL_WOS&UsrCustomerID=d97ee273a286b266effa72435a0a7f77
46,WOS:000385658800019,10.1097/TA.0000000000001195,27648772,24,http://gateway.webofknowledge.com/gateway/Gateway.cgi?GWVersion=2&SrcApp=PARTNER_APP&SrcAuth=LinksAMR&KeyUT=WOS:000385658800019&DestLinkType=FullRecord&DestApp=ALL_WOS&UsrCustomerID=d97ee273a286b266effa72435a0a7f77
47,WOS:000378771900008,10.1007/s10555-016-9616-2,26970966,12,http://gateway.webofknowledge.com/gateway/Gateway.cgi?GWVersion=2&SrcApp=PARTNER_APP&SrcAuth=LinksAMR&KeyUT=WOS:000378771900008&DestLinkType=FullRecord&DestApp=ALL_WOS&UsrCustomerID=d97ee273a286b266effa72435a0a7f77
48,WOS:000357604400011,10.1001/jamainternmed.2015.1513,25938303,32,http://gateway.webofknowledge.com/gateway/Gateway.cgi?GWVersion=2&SrcApp=PARTNER_APP&SrcAuth=LinksAMR&KeyUT=WOS:000357604400011&DestLinkType=FullRecord&DestApp=ALL_WOS&UsrCustomerID=d97ee273a286b266effa72435a0a7f77
49,WOS:000452309800015,10.1016/j.jemermed.2018.09.014,30316619,0,http://gateway.webofknowledge.com/gateway/Gateway.cgi?GWVersion=2&SrcApp=PARTNER_APP&SrcAuth=LinksAMR&KeyUT=WOS:000452309800015&DestLinkType=FullRecord&DestApp=ALL_WOS&UsrCustomerID=d97ee273a286b266effa72435a0a7f77
10,WOS:000451763800084,10.1371/journal.pone.0208047,30496322,2,http://gateway.webofknowledge.com/gateway/Gateway.cgi?GWVersion=2&SrcApp=PARTNER_APP&SrcAuth=LinksAMR&KeyUT=WOS:000451763800084&DestLinkType=FullRecord&DestApp=ALL_WOS&UsrCustomerID=d97ee273a286b266effa72435a0a7f77
11,WOS:000445687600075,10.1542/peds.2018-2096,30126937,4,http://gateway.webofknowledge.com/gateway/Gateway.cgi?GWVersion=2&SrcApp=PARTNER_APP&SrcAuth=LinksAMR&KeyUT=WOS:000445687600075&DestLinkType=FullRecord&DestApp=ALL_WOS&UsrCustomerID=d97ee273a286b266effa72435a0a7f77
12,WOS:000368051500010,10.1177/107327481502200411,26678972,24,http://gateway.webofknowledge.com/gateway/Gateway.cgi?GWVersion=2&SrcApp=PARTNER_APP&SrcAuth=LinksAMR&KeyUT=WOS:000368051500010&DestLinkType=FullRecord&DestApp=ALL_WOS&UsrCustomerID=d97ee273a286b266effa72435a0a7f77
13,WOS:000438895200001,10.1155/2018/8546568,30057608,1,http://gateway.webofknowledge.com/gateway/Gateway.cgi?GWVersion=2&SrcApp=PARTNER_APP&SrcAuth=LinksAMR&KeyUT=WOS:000438895200001&DestLinkType=FullRecord&DestApp=ALL_WOS&UsrCustomerID=d97ee273a286b266effa72435a0a7f77
14,WOS:000371192200006,10.1016/j.jaac.2015.12.006,26903250,57,http://gateway.webofknowledge.com/gateway/Gateway.cgi?GWVersion=2&SrcApp=PARTNER_APP&SrcAuth=LinksAMR&KeyUT=WOS:000371192200006&DestLinkType=FullRecord&DestApp=ALL_WOS&UsrCustomerID=d97ee273a286b266effa72435a0a7f77
15,WOS:000430270900067,10.1016/j.arthro.2017.11.032,29366740,4,http://gateway.webofknowledge.com/gateway/Gateway.cgi?GWVersion=2&SrcApp=PARTNER_APP&SrcAuth=LinksAMR&KeyUT=WOS:000430270900067&DestLinkType=FullRecord&DestApp=ALL_WOS&UsrCustomerID=d97ee273a286b266effa72435a0a7f77
16,WOS:000432162600054,10.1016/j.arthro.2018.01.047,29628379,9,http://gateway.webofknowledge.com/gateway/Gateway.cgi?GWVersion=2&SrcApp=PARTNER_APP&SrcAuth=LinksAMR&KeyUT=WOS:000432162600054&DestLinkType=FullRecord&DestApp=ALL_WOS&UsrCustomerID=d97ee273a286b266effa72435a0a7f77
17,WOS:000433616400031,10.1177/0363546517713164,28636429,5,http://gateway.webofknowledge.com/gateway/Gateway.cgi?GWVersion=2&SrcApp=PARTNER_APP&SrcAuth=LinksAMR&KeyUT=WOS:000433616400031&DestLinkType=FullRecord&DestApp=ALL_WOS&UsrCustomerID=d97ee273a286b266effa72435a0a7f77
18,,,,0,N/A
19,WOS:000375036600007,10.1080/15389588.2015.1101078,26507251,12,http://gateway.webofknowledge.com/gateway/Gateway.cgi?GWVersion=2&SrcApp=PARTNER_APP&SrcAuth=LinksAMR&KeyUT=WOS:000375036600007&DestLinkType=FullRecord&DestApp=ALL_WOS&UsrCustomerID=d97ee273a286b266effa72435a0a7f77
0,WOS:000377563000034,10.1371/journal.pone.0156506,27280404,13,http://gateway.webofknowledge.com/gateway/Gateway.cgi?GWVersion=2&SrcApp=PARTNER_APP&SrcAuth=LinksAMR&KeyUT=WOS:000377563000034&DestLinkType=FullRecord&DestApp=ALL_WOS&UsrCustomerID=d97ee273a286b266effa72435a0a7f77
1,,,,0,N/A
2,WOS:000437678100027,10.7189/jogh.08.010419,29740502,3,http://gateway.webofknowledge.com/gateway/Gateway.cgi?GWVersion=2&SrcApp=PARTNER_APP&SrcAuth=LinksAMR&KeyUT=WOS:000437678100027&DestLinkType=FullRecord&DestApp=ALL_WOS&UsrCustomerID=d97ee273a286b266effa72435a0a7f77
3,WOS:000447986700016,10.1513/AnnalsATS.201711-856OC,29877715,5,http://gateway.webofknowledge.com/gateway/Gateway.cgi?GWVersion=2&SrcApp=PARTNER_APP&SrcAuth=LinksAMR&KeyUT=WOS:000447986700016&DestLinkType=FullRecord&DestApp=ALL_WOS&UsrCustomerID=d97ee273a286b266effa72435a0a7f77
4,WOS:000423192600003,10.1177/2050640617707862,29435310,1,http://gateway.webofknowledge.com/gateway/Gateway.cgi?GWVersion=2&SrcApp=PARTNER_APP&SrcAuth=LinksAMR&KeyUT=WOS:000423192600003&DestLinkType=FullRecord&DestApp=ALL_WOS&UsrCustomerID=d97ee273a286b266effa72435a0a7f77
5,WOS:000398650500002,10.1016/j.pediatrneurol.2016.12.009,28216033,13,http://gateway.webofknowledge.com/gateway/Gateway.cgi?GWVersion=2&SrcApp=PARTNER_APP&SrcAuth=LinksAMR&KeyUT=WOS:000398650500002&DestLinkType=FullRecord&DestApp=ALL_WOS&UsrCustomerID=d97ee273a286b266effa72435a0a7f77
6,WOS:000415204800006,10.1016/j.jcrc.2017.03.005,28315586,4,http://gateway.webofknowledge.com/gateway/Gateway.cgi?GWVersion=2&SrcApp=PARTNER_APP&SrcAuth=LinksAMR&KeyUT=WOS:000415204800006&DestLinkType=FullRecord&DestApp=ALL_WOS&UsrCustomerID=d97ee273a286b266effa72435a0a7f77
7,WOS:000344598900034,10.3899/jrheum.140881,25362716,14,http://gateway.webofknowledge.com/gateway/Gateway.cgi?GWVersion=2&SrcApp=PARTNER_APP&SrcAuth=LinksAMR&KeyUT=WOS:000344598900034&DestLinkType=FullRecord&DestApp=ALL_WOS&UsrCustomerID=d97ee273a286b266effa72435a0a7f77
8,WOS:000371333200021,10.1245/s10434-015-4900-x,26480850,24,http://gateway.webofknowledge.com/gateway/Gateway.cgi?GWVersion=2&SrcApp=PARTNER_APP&SrcAuth=LinksAMR&KeyUT=WOS:000371333200021&DestLinkType=FullRecord&DestApp=ALL_WOS&UsrCustomerID=d97ee273a286b266effa72435a0a7f77
9,WOS:000332625500003,10.1186/1471-2334-14-91,24555539,43,http://gateway.webofknowledge.com/gateway/Gateway.cgi?GWVersion=2&SrcApp=PARTNER_APP&SrcAuth=LinksAMR&KeyUT=WOS:000332625500003&DestLinkType=FullRecord&DestApp=ALL_WOS&UsrCustomerID=d97ee273a286b266effa72435a0a7f77
20,WOS:000356178400013,10.1001/jamainternmed.2015.0237,25775274,135,http://gateway.webofknowledge.com/gateway/Gateway.cgi?GWVersion=2&SrcApp=PARTNER_APP&SrcAuth=LinksAMR&KeyUT=WOS:000356178400013&DestLinkType=FullRecord&DestApp=ALL_WOS&UsrCustomerID=d97ee273a286b266effa72435a0a7f77
21,WOS:000384041300002,10.1161/CIR.0000000000000405,27026019,31,http://gateway.webofknowledge.com/gateway/Gateway.cgi?GWVersion=2&SrcApp=PARTNER_APP&SrcAuth=LinksAMR&KeyUT=WOS:000384041300002&DestLinkType=FullRecord&DestApp=ALL_WOS&UsrCustomerID=d97ee273a286b266effa72435a0a7f77
22,WOS:000335432000001,10.1016/j.ejogrb.2013.12.025,24439718,12,http://gateway.webofknowledge.com/gateway/Gateway.cgi?GWVersion=2&SrcApp=PARTNER_APP&SrcAuth=LinksAMR&KeyUT=WOS:000335432000001&DestLinkType=FullRecord&DestApp=ALL_WOS&UsrCustomerID=d97ee273a286b266effa72435a0a7f77
23,WOS:000350835100018,10.1016/j.ejogrb.2015.01.010,25668134,11,http://gateway.webofknowledge.com/gateway/Gateway.cgi?GWVersion=2&SrcApp=PARTNER_APP&SrcAuth=LinksAMR&KeyUT=WOS:000350835100018&DestLinkType=FullRecord&DestApp=ALL_WOS&UsrCustomerID=d97ee273a286b266effa72435a0a7f77
24,WOS:000343952000030,10.1016/j.ejogrb.2014.07.050,25150955,25,http://gateway.webofknowledge.com/gateway/Gateway.cgi?GWVersion=2&SrcApp=PARTNER_APP&SrcAuth=LinksAMR&KeyUT=WOS:000343952000030&DestLinkType=FullRecord&DestApp=ALL_WOS&UsrCustomerID=d97ee273a286b266effa72435a0a7f77
25,WOS:000405275600005,10.1016/j.ajog.2016.12.175,28043841,10,http://gateway.webofknowledge.com/gateway/Gateway.cgi?GWVersion=2&SrcApp=PARTNER_APP&SrcAuth=LinksAMR&KeyUT=WOS:000405275600005&DestLinkType=FullRecord&DestApp=ALL_WOS&UsrCustomerID=d97ee273a286b266effa72435a0a7f77
26,WOS:000399032400002,10.1089/sur.2016.183,28394747,6,http://gateway.webofknowledge.com/gateway/Gateway.cgi?GWVersion=2&SrcApp=PARTNER_APP&SrcAuth=LinksAMR&KeyUT=WOS:000399032400002&DestLinkType=FullRecord&DestApp=ALL_WOS&UsrCustomerID=d97ee273a286b266effa72435a0a7f77
27,WOS:000447101100009,10.15326/jcopdf.3.2.2015.0178,28848882,1,http://gateway.webofknowledge.com/gateway/Gateway.cgi?GWVersion=2&SrcApp=PARTNER_APP&SrcAuth=LinksAMR&KeyUT=WOS:000447101100009&DestLinkType=FullRecord&DestApp=ALL_WOS&UsrCustomerID=d97ee273a286b266effa72435a0a7f77
28,WOS:000451853100018,10.1055/s-0038-1675400,30376678,12,http://gateway.webofknowledge.com/gateway/Gateway.cgi?GWVersion=2&SrcApp=PARTNER_APP&SrcAuth=LinksAMR&KeyUT=WOS:000451853100018&DestLinkType=FullRecord&DestApp=ALL_WOS&UsrCustomerID=d97ee273a286b266effa72435a0a7f77
29,WOS:000436027400406,10.1097/PSY.0000000000000561,29381657,3,http://gateway.webofknowledge.com/gateway/Gateway.cgi?GWVersion=2&SrcApp=PARTNER_APP&SrcAuth=LinksAMR&KeyUT=WOS:000436027400406&DestLinkType=FullRecord&DestApp=ALL_WOS&UsrCustomerID=d97ee273a286b266effa72435a0a7f77
30,WOS:000388603700007,10.1097/DER.0000000000000235,27775978,1,http://gateway.webofknowledge.com/gateway/Gateway.cgi?GWVersion=2&SrcApp=PARTNER_APP&SrcAuth=LinksAMR&KeyUT=WOS:000388603700007&DestLinkType=FullRecord&DestApp=ALL_WOS&UsrCustomerID=d97ee273a286b266effa72435a0a7f77
31,WOS:000450426400007,10.1007/s40615-018-0468-z,29508374,1,http://gateway.webofknowledge.com/gateway/Gateway.cgi?GWVersion=2&SrcApp=PARTNER_APP&SrcAuth=LinksAMR&KeyUT=WOS:000450426400007&DestLinkType=FullRecord&DestApp=ALL_WOS&UsrCustomerID=d97ee273a286b266effa72435a0a7f77
32,WOS:000406986700007,10.1016/j.bbi.2017.06.003,28606462,9,http://gateway.webofknowledge.com/gateway/Gateway.cgi?GWVersion=2&SrcApp=PARTNER_APP&SrcAuth=LinksAMR&KeyUT=WOS:000406986700007&DestLinkType=FullRecord&DestApp=ALL_WOS&UsrCustomerID=d97ee273a286b266effa72435a0a7f77
33,WOS:000356177700019,10.1001/jamadermatol.2014.3593,25565304,74,http://gateway.webofknowledge.com/gateway/Gateway.cgi?GWVersion=2&SrcApp=PARTNER_APP&SrcAuth=LinksAMR&KeyUT=WOS:000356177700019&DestLinkType=FullRecord&DestApp=ALL_WOS&UsrCustomerID=d97ee273a286b266effa72435a0a7f77
34,WOS:000343530200020,10.5588/ijtld.14.0120,25299873,57,http://gateway.webofknowledge.com/gateway/Gateway.cgi?GWVersion=2&SrcApp=PARTNER_APP&SrcAuth=LinksAMR&KeyUT=WOS:000343530200020&DestLinkType=FullRecord&DestApp=ALL_WOS&UsrCustomerID=d97ee273a286b266effa72435a0a7f77
35,WOS:000398178900002,10.1177/1474515116687222,28051339,13,http://gateway.webofknowledge.com/gateway/Gateway.cgi?GWVersion=2&SrcApp=PARTNER_APP&SrcAuth=LinksAMR&KeyUT=WOS:000398178900002&DestLinkType=FullRecord&DestApp=ALL_WOS&UsrCustomerID=d97ee273a286b266effa72435a0a7f77
36,WOS:000346336200016,10.1089/jpm.2014.0095,25225748,18,http://gateway.webofknowledge.com/gateway/Gateway.cgi?GWVersion=2&SrcApp=PARTNER_APP&SrcAuth=LinksAMR&KeyUT=WOS:000346336200016&DestLinkType=FullRecord&DestApp=ALL_WOS&UsrCustomerID=d97ee273a286b266effa72435a0a7f77
37,WOS:000429245900007,10.1055/s-0038-1636519,29628614,4,http://gateway.webofknowledge.com/gateway/Gateway.cgi?GWVersion=2&SrcApp=PARTNER_APP&SrcAuth=LinksAMR&KeyUT=WOS:000429245900007&DestLinkType=FullRecord&DestApp=ALL_WOS&UsrCustomerID=d97ee273a286b266effa72435a0a7f77
38,WOS:000345263600003,10.3928/01484834-20140806-07,25102133,5,http://gateway.webofknowledge.com/gateway/Gateway.cgi?GWVersion=2&SrcApp=PARTNER_APP&SrcAuth=LinksAMR&KeyUT=WOS:000345263600003&DestLinkType=FullRecord&DestApp=ALL_WOS&UsrCustomerID=d97ee273a286b266effa72435a0a7f77
39,WOS:000350581300027,10.1016/j.jemermed.2014.10.009,25534900,43,http://gateway.webofknowledge.com/gateway/Gateway.cgi?GWVersion=2&SrcApp=PARTNER_APP&SrcAuth=LinksAMR&KeyUT=WOS:000350581300027&DestLinkType=FullRecord&DestApp=ALL_WOS&UsrCustomerID=d97ee273a286b266effa72435a0a7f77
40,WOS:000417872600014,10.1002/ajmg.a.38512,29130597,9,http://gateway.webofknowledge.com/gateway/Gateway.cgi?GWVersion=2&SrcApp=PARTNER_APP&SrcAuth=LinksAMR&KeyUT=WOS:000417872600014&DestLinkType=FullRecord&DestApp=ALL_WOS&UsrCustomerID=d97ee273a286b266effa72435a0a7f77
41,WOS:000374230100019,10.1093/ije/dyv296,26567313,24,http://gateway.webofknowledge.com/gateway/Gateway.cgi?GWVersion=2&SrcApp=PARTNER_APP&SrcAuth=LinksAMR&KeyUT=WOS:000374230100019&DestLinkType=FullRecord&DestApp=ALL_WOS&UsrCustomerID=d97ee273a286b266effa72435a0a7f77
42,WOS:000373661800007,10.1016/j.chiabu.2015.10.009,26724823,38,http://gateway.webofknowledge.com/gateway/Gateway.cgi?GWVersion=2&SrcApp=PARTNER_APP&SrcAuth=LinksAMR&KeyUT=WOS:000373661800007&DestLinkType=FullRecord&DestApp=ALL_WOS&UsrCustomerID=d97ee273a286b266effa72435a0a7f77
43,,,,0,N/A
44,WOS:000398841500001,10.1002/eat.22672,28152196,25,http://gateway.webofknowledge.com/gateway/Gateway.cgi?GWVersion=2&SrcApp=PARTNER_APP&SrcAuth=LinksAMR&KeyUT=WOS:000398841500001&DestLinkType=FullRecord&DestApp=ALL_WOS&UsrCustomerID=d97ee273a286b266effa72435a0a7f77
45,WOS:000419995600023,10.1002/hed.24988,29083525,10,http://gateway.webofknowledge.com/gateway/Gateway.cgi?GWVersion=2&SrcApp=PARTNER_APP&SrcAuth=LinksAMR&KeyUT=WOS:000419995600023&DestLinkType=FullRecord&DestApp=ALL_WOS&UsrCustomerID=d97ee273a286b266effa72435a0a7f77
46,WOS:000342662300013,10.1227/NEU.0000000000000499,25050579,38,http://gateway.webofknowledge.com/gateway/Gateway.cgi?GWVersion=2&SrcApp=PARTNER_APP&SrcAuth=LinksAMR&KeyUT=WOS:000342662300013&DestLinkType=FullRecord&DestApp=ALL_WOS&UsrCustomerID=d97ee273a286b266effa72435a0a7f77
47,WOS:000388784200008,10.1016/j.childyouth.2016.09.002,28496286,10,http://gateway.webofknowledge.com/gateway/Gateway.cgi?GWVersion=2&SrcApp=PARTNER_APP&SrcAuth=LinksAMR&KeyUT=WOS:000388784200008&DestLinkType=FullRecord&DestApp=ALL_WOS&UsrCustomerID=d97ee273a286b266effa72435a0a7f77
48,WOS:000440339700002,10.1371/journal.pmed.1002591,29995958,14,http://gateway.webofknowledge.com/gateway/Gateway.cgi?GWVersion=2&SrcApp=PARTNER_APP&SrcAuth=LinksAMR&KeyUT=WOS:000440339700002&DestLinkType=FullRecord&DestApp=ALL_WOS&UsrCustomerID=d97ee273a286b266effa72435a0a7f77
49,WOS:000453134600152,10.1186/s13643-015-0141-0,26547687,29,http://gateway.webofknowledge.com/gateway/Gateway.cgi?GWVersion=2&SrcApp=PARTNER_APP&SrcAuth=LinksAMR&KeyUT=WOS:000453134600152&DestLinkType=FullRecord&DestApp=ALL_WOS&UsrCustomerID=d97ee273a286b266effa72435a0a7f77
10,,,,0,N/A
11,WOS:000436607100023,10.1016/j.jpedsurg.2017.10.053,29153467,6,http://gateway.webofknowledge.com/gateway/Gateway.cgi?GWVersion=2&SrcApp=PARTNER_APP&SrcAuth=LinksAMR&KeyUT=WOS:000436607100023&DestLinkType=FullRecord&DestApp=ALL_WOS&UsrCustomerID=d97ee273a286b266effa72435a0a7f77
12,WOS:000403566700013,10.1136/bmjqs-2015-004758,27488124,15,http://gateway.webofknowledge.com/gateway/Gateway.cgi?GWVersion=2&SrcApp=PARTNER_APP&SrcAuth=LinksAMR&KeyUT=WOS:000403566700013&DestLinkType=FullRecord&DestApp=ALL_WOS&UsrCustomerID=d97ee273a286b266effa72435a0a7f77
13,WOS:000405687000015,10.1007/s40596-016-0608-x,27644429,2,http://gateway.webofknowledge.com/gateway/Gateway.cgi?GWVersion=2&SrcApp=PARTNER_APP&SrcAuth=LinksAMR&KeyUT=WOS:000405687000015&DestLinkType=FullRecord&DestApp=ALL_WOS&UsrCustomerID=d97ee273a286b266effa72435a0a7f77
14,WOS:000345615400028,10.1016/j.eururo.2014.07.003,25064687,110,http://gateway.webofknowledge.com/gateway/Gateway.cgi?GWVersion=2&SrcApp=PARTNER_APP&SrcAuth=LinksAMR&KeyUT=WOS:000345615400028&DestLinkType=FullRecord&DestApp=ALL_WOS&UsrCustomerID=d97ee273a286b266effa72435a0a7f77
15,WOS:000395064800003,10.1080/02770903.2016.1193601,27284904,4,http://gateway.webofknowledge.com/gateway/Gateway.cgi?GWVersion=2&SrcApp=PARTNER_APP&SrcAuth=LinksAMR&KeyUT=WOS:000395064800003&DestLinkType=FullRecord&DestApp=ALL_WOS&UsrCustomerID=d97ee273a286b266effa72435a0a7f77
16,WOS:000371145500012,10.1002/phar.1697,26846446,8,http://gateway.webofknowledge.com/gateway/Gateway.cgi?GWVersion=2&SrcApp=PARTNER_APP&SrcAuth=LinksAMR&KeyUT=WOS:000371145500012&DestLinkType=FullRecord&DestApp=ALL_WOS&UsrCustomerID=d97ee273a286b266effa72435a0a7f77
17,WOS:000397225000011,10.1002/pbc.26258,27654490,5,http://gateway.webofknowledge.com/gateway/Gateway.cgi?GWVersion=2&SrcApp=PARTNER_APP&SrcAuth=LinksAMR&KeyUT=WOS:000397225000011&DestLinkType=FullRecord&DestApp=ALL_WOS&UsrCustomerID=d97ee273a286b266effa72435a0a7f77
18,WOS:000430831200010,10.1136/emermed-2017-206944,29431143,1,http://gateway.webofknowledge.com/gateway/Gateway.cgi?GWVersion=2&SrcApp=PARTNER_APP&SrcAuth=LinksAMR&KeyUT=WOS:000430831200010&DestLinkType=FullRecord&DestApp=ALL_WOS&UsrCustomerID=d97ee273a286b266effa72435a0a7f77
19,WOS:000410691200006,10.1016/j.anai.2017.07.010,28890018,4,http://gateway.webofknowledge.com/gateway/Gateway.cgi?GWVersion=2&SrcApp=PARTNER_APP&SrcAuth=LinksAMR&KeyUT=WOS:000410691200006&DestLinkType=FullRecord&DestApp=ALL_WOS&UsrCustomerID=d97ee273a286b266effa72435a0a7f77
0,WOS:000433398000028,10.1016/j.chiabu.2018.03.028,29665506,4,http://gateway.webofknowledge.com/gateway/Gateway.cgi?GWVersion=2&SrcApp=PARTNER_APP&SrcAuth=LinksAMR&KeyUT=WOS:000433398000028&DestLinkType=FullRecord&DestApp=ALL_WOS&UsrCustomerID=d97ee273a286b266effa72435a0a7f77
1,WOS:000371159000012,10.1111/jgs.13931,26780879,54,http://gateway.webofknowledge.com/gateway/Gateway.cgi?GWVersion=2&SrcApp=PARTNER_APP&SrcAuth=LinksAMR&KeyUT=WOS:000371159000012&DestLinkType=FullRecord&DestApp=ALL_WOS&UsrCustomerID=d97ee273a286b266effa72435a0a7f77
2,WOS:000463167300023,10.1038/s41436-018-0141-2,30214070,0,http://gateway.webofknowledge.com/gateway/Gateway.cgi?GWVersion=2&SrcApp=PARTNER_APP&SrcAuth=LinksAMR&KeyUT=WOS:000463167300023&DestLinkType=FullRecord&DestApp=ALL_WOS&UsrCustomerID=d97ee273a286b266effa72435a0a7f77
3,WOS:000417111900008,10.1016/j.jogn.2017.08.005,28950108,5,http://gateway.webofknowledge.com/gateway/Gateway.cgi?GWVersion=2&SrcApp=PARTNER_APP&SrcAuth=LinksAMR&KeyUT=WOS:000417111900008&DestLinkType=FullRecord&DestApp=ALL_WOS&UsrCustomerID=d97ee273a286b266effa72435a0a7f77
4,WOS:000433992200028,10.1053/j.gastro.2018.02.022,29458154,12,http://gateway.webofknowledge.com/gateway/Gateway.cgi?GWVersion=2&SrcApp=PARTNER_APP&SrcAuth=LinksAMR&KeyUT=WOS:000433992200028&DestLinkType=FullRecord&DestApp=ALL_WOS&UsrCustomerID=d97ee273a286b266effa72435a0a7f77
5,WOS:000450636400030,10.1016/j.jpeds.2018.08.008,30293638,4,http://gateway.webofknowledge.com/gateway/Gateway.cgi?GWVersion=2&SrcApp=PARTNER_APP&SrcAuth=LinksAMR&KeyUT=WOS:000450636400030&DestLinkType=FullRecord&DestApp=ALL_WOS&UsrCustomerID=d97ee273a286b266effa72435a0a7f77
6,WOS:000457772600013,10.1097/MAO.0000000000001672,29342035,4,http://gateway.webofknowledge.com/gateway/Gateway.cgi?GWVersion=2&SrcApp=PARTNER_APP&SrcAuth=LinksAMR&KeyUT=WOS:000457772600013&DestLinkType=FullRecord&DestApp=ALL_WOS&UsrCustomerID=d97ee273a286b266effa72435a0a7f77
7,WOS:000395553600006,10.1002/da.22580,27921338,6,http://gateway.webofknowledge.com/gateway/Gateway.cgi?GWVersion=2&SrcApp=PARTNER_APP&SrcAuth=LinksAMR&KeyUT=WOS:000395553600006&DestLinkType=FullRecord&DestApp=ALL_WOS&UsrCustomerID=d97ee273a286b266effa72435a0a7f77
8,WOS:000390236200009,10.3899/jrheum.151212,27803341,16,http://gateway.webofknowledge.com/gateway/Gateway.cgi?GWVersion=2&SrcApp=PARTNER_APP&SrcAuth=LinksAMR&KeyUT=WOS:000390236200009&DestLinkType=FullRecord&DestApp=ALL_WOS&UsrCustomerID=d97ee273a286b266effa72435a0a7f77
9,,,,0,N/A
20,,,,0,N/A
21,WOS:000366939800022,10.1001/jama.2015.16316,26717031,18,http://gateway.webofknowledge.com/gateway/Gateway.cgi?GWVersion=2&SrcApp=PARTNER_APP&SrcAuth=LinksAMR&KeyUT=WOS:000366939800022&DestLinkType=FullRecord&DestApp=ALL_WOS&UsrCustomerID=d97ee273a286b266effa72435a0a7f77
22,WOS:000411959500053,10.1002/14651858.CD006211.pub3,28898390,67,http://gateway.webofknowledge.com/gateway/Gateway.cgi?GWVersion=2&SrcApp=PARTNER_APP&SrcAuth=LinksAMR&KeyUT=WOS:000411959500053&DestLinkType=FullRecord&DestApp=ALL_WOS&UsrCustomerID=d97ee273a286b266effa72435a0a7f77
23,WOS:000335351900001,10.1186/1471-2458-14-274,24661503,18,http://gateway.webofknowledge.com/gateway/Gateway.cgi?GWVersion=2&SrcApp=PARTNER_APP&SrcAuth=LinksAMR&KeyUT=WOS:000335351900001&DestLinkType=FullRecord&DestApp=ALL_WOS&UsrCustomerID=d97ee273a286b266effa72435a0a7f77
24,WOS:000337348700004,10.7326/M14-0083,24862840,255,http://gateway.webofknowledge.com/gateway/Gateway.cgi?GWVersion=2&SrcApp=PARTNER_APP&SrcAuth=LinksAMR&KeyUT=WOS:000337348700004&DestLinkType=FullRecord&DestApp=ALL_WOS&UsrCustomerID=d97ee273a286b266effa72435a0a7f77
25,WOS:000419399400008,10.1111/jonm.12519,28940765,5,http://gateway.webofknowledge.com/gateway/Gateway.cgi?GWVersion=2&SrcApp=PARTNER_APP&SrcAuth=LinksAMR&KeyUT=WOS:000419399400008&DestLinkType=FullRecord&DestApp=ALL_WOS&UsrCustomerID=d97ee273a286b266effa72435a0a7f77
26,WOS:000436977600015,10.1080/10903127.2017.1413466,29351495,4,http://gateway.webofknowledge.com/gateway/Gateway.cgi?GWVersion=2&SrcApp=PARTNER_APP&SrcAuth=LinksAMR&KeyUT=WOS:000436977600015&DestLinkType=FullRecord&DestApp=ALL_WOS&UsrCustomerID=d97ee273a286b266effa72435a0a7f77
27,WOS:000430830100002,10.1007/s00403-018-1808-x,29442137,7,http://gateway.webofknowledge.com/gateway/Gateway.cgi?GWVersion=2&SrcApp=PARTNER_APP&SrcAuth=LinksAMR&KeyUT=WOS:000430830100002&DestLinkType=FullRecord&DestApp=ALL_WOS&UsrCustomerID=d97ee273a286b266effa72435a0a7f77
28,WOS:000356454800007,10.1016/j.oooo.2015.03.007,26093680,10,http://gateway.webofknowledge.com/gateway/Gateway.cgi?GWVersion=2&SrcApp=PARTNER_APP&SrcAuth=LinksAMR&KeyUT=WOS:000356454800007&DestLinkType=FullRecord&DestApp=ALL_WOS&UsrCustomerID=d97ee273a286b266effa72435a0a7f77
29,WOS:000406631400008,10.7326/M17-0598,28715848,49,http://gateway.webofknowledge.com/gateway/Gateway.cgi?GWVersion=2&SrcApp=PARTNER_APP&SrcAuth=LinksAMR&KeyUT=WOS:000406631400008&DestLinkType=FullRecord&DestApp=ALL_WOS&UsrCustomerID=d97ee273a286b266effa72435a0a7f77
30,WOS:000432162600049,10.1016/j.arthro.2017.10.048,29366742,5,http://gateway.webofknowledge.com/gateway/Gateway.cgi?GWVersion=2&SrcApp=PARTNER_APP&SrcAuth=LinksAMR&KeyUT=WOS:000432162600049&DestLinkType=FullRecord&DestApp=ALL_WOS&UsrCustomerID=d97ee273a286b266effa72435a0a7f77
31,WOS:000437319200007,10.1176/appi.ajp.2018.17070836,29558816,0,http://gateway.webofknowledge.com/gateway/Gateway.cgi?GWVersion=2&SrcApp=PARTNER_APP&SrcAuth=LinksAMR&KeyUT=WOS:000437319200007&DestLinkType=FullRecord&DestApp=ALL_WOS&UsrCustomerID=d97ee273a286b266effa72435a0a7f77
32,WOS:000396442500008,10.1016/j.wneu.2016.05.086,27269210,6,http://gateway.webofknowledge.com/gateway/Gateway.cgi?GWVersion=2&SrcApp=PARTNER_APP&SrcAuth=LinksAMR&KeyUT=WOS:000396442500008&DestLinkType=FullRecord&DestApp=ALL_WOS&UsrCustomerID=d97ee273a286b266effa72435a0a7f77
33,WOS:000361384500004,10.1017/S1041610214002877,25592720,12,http://gateway.webofknowledge.com/gateway/Gateway.cgi?GWVersion=2&SrcApp=PARTNER_APP&SrcAuth=LinksAMR&KeyUT=WOS:000361384500004&DestLinkType=FullRecord&DestApp=ALL_WOS&UsrCustomerID=d97ee273a286b266effa72435a0a7f77
34,WOS:000414717800006,10.1055/s-0043-106578,28573176,9,http://gateway.webofknowledge.com/gateway/Gateway.cgi?GWVersion=2&SrcApp=PARTNER_APP&SrcAuth=LinksAMR&KeyUT=WOS:000414717800006&DestLinkType=FullRecord&DestApp=ALL_WOS&UsrCustomerID=d97ee273a286b266effa72435a0a7f77
35,WOS:000371800200002,10.3109/15622975.2015.1132007,26912127,60,http://gateway.webofknowledge.com/gateway/Gateway.cgi?GWVersion=2&SrcApp=PARTNER_APP&SrcAuth=LinksAMR&KeyUT=WOS:000371800200002&DestLinkType=FullRecord&DestApp=ALL_WOS&UsrCustomerID=d97ee273a286b266effa72435a0a7f77
36,WOS:000412709200011,10.1302/1863-2548.11.170109,29081856,3,http://gateway.webofknowledge.com/gateway/Gateway.cgi?GWVersion=2&SrcApp=PARTNER_APP&SrcAuth=LinksAMR&KeyUT=WOS:000412709200011&DestLinkType=FullRecord&DestApp=ALL_WOS&UsrCustomerID=d97ee273a286b266effa72435a0a7f77
37,WOS:000429491000002,10.3928/01484834-20180322-02,29614187,1,http://gateway.webofknowledge.com/gateway/Gateway.cgi?GWVersion=2&SrcApp=PARTNER_APP&SrcAuth=LinksAMR&KeyUT=WOS:000429491000002&DestLinkType=FullRecord&DestApp=ALL_WOS&UsrCustomerID=d97ee273a286b266effa72435a0a7f77
38,WOS:000431742500017,10.1080/09546634.2017.1364688,28817990,1,http://gateway.webofknowledge.com/gateway/Gateway.cgi?GWVersion=2&SrcApp=PARTNER_APP&SrcAuth=LinksAMR&KeyUT=WOS:000431742500017&DestLinkType=FullRecord&DestApp=ALL_WOS&UsrCustomerID=d97ee273a286b266effa72435a0a7f77
39,WOS:000442857300015,10.1097/PRS.0000000000004691,30148786,2,http://gateway.webofknowledge.com/gateway/Gateway.cgi?GWVersion=2&SrcApp=PARTNER_APP&SrcAuth=LinksAMR&KeyUT=WOS:000442857300015&DestLinkType=FullRecord&DestApp=ALL_WOS&UsrCustomerID=d97ee273a286b266effa72435a0a7f77
40,WOS:000410998300041,10.1016/j.amjmed.2017.05.041,28687263,14,http://gateway.webofknowledge.com/gateway/Gateway.cgi?GWVersion=2&SrcApp=PARTNER_APP&SrcAuth=LinksAMR&KeyUT=WOS:000410998300041&DestLinkType=FullRecord&DestApp=ALL_WOS&UsrCustomerID=d97ee273a286b266effa72435a0a7f77
41,WOS:000333450400002,10.1097/MCO.0000000000000039,24500437,11,http://gateway.webofknowledge.com/gateway/Gateway.cgi?GWVersion=2&SrcApp=PARTNER_APP&SrcAuth=LinksAMR&KeyUT=WOS:000333450400002&DestLinkType=FullRecord&DestApp=ALL_WOS&UsrCustomerID=d97ee273a286b266effa72435a0a7f77
42,WOS:000367452300006,10.1093/geront/gnu014,24637252,25,http://gateway.webofknowledge.com/gateway/Gateway.cgi?GWVersion=2&SrcApp=PARTNER_APP&SrcAuth=LinksAMR&KeyUT=WOS:000367452300006&DestLinkType=FullRecord&DestApp=ALL_WOS&UsrCustomerID=d97ee273a286b266effa72435a0a7f77
43,WOS:000344350600019,10.1111/acer.12529,25346507,26,http://gateway.webofknowledge.com/gateway/Gateway.cgi?GWVersion=2&SrcApp=PARTNER_APP&SrcAuth=LinksAMR&KeyUT=WOS:000344350600019&DestLinkType=FullRecord&DestApp=ALL_WOS&UsrCustomerID=d97ee273a286b266effa72435a0a7f77
44,WOS:000357387800011,10.2105/AJPH.2014.302498,25713970,38,http://gateway.webofknowledge.com/gateway/Gateway.cgi?GWVersion=2&SrcApp=PARTNER_APP&SrcAuth=LinksAMR&KeyUT=WOS:000357387800011&DestLinkType=FullRecord&DestApp=ALL_WOS&UsrCustomerID=d97ee273a286b266effa72435a0a7f77
45,WOS:000432327800001,10.1177/2325967118770986,29770344,0,http://gateway.webofknowledge.com/gateway/Gateway.cgi?GWVersion=2&SrcApp=PARTNER_APP&SrcAuth=LinksAMR&KeyUT=WOS:000432327800001&DestLinkType=FullRecord&DestApp=ALL_WOS&UsrCustomerID=d97ee273a286b266effa72435a0a7f77
46,WOS:000429461800033,10.1177/0363546517701912,28423287,15,http://gateway.webofknowledge.com/gateway/Gateway.cgi?GWVersion=2&SrcApp=PARTNER_APP&SrcAuth=LinksAMR&KeyUT=WOS:000429461800033&DestLinkType=FullRecord&DestApp=ALL_WOS&UsrCustomerID=d97ee273a286b266effa72435a0a7f77
47,WOS:000408568300016,10.1200/JCO.2017.72.4401,28437162,39,http://gateway.webofknowledge.com/gateway/Gateway.cgi?GWVersion=2&SrcApp=PARTNER_APP&SrcAuth=LinksAMR&KeyUT=WOS:000408568300016&DestLinkType=FullRecord&DestApp=ALL_WOS&UsrCustomerID=d97ee273a286b266effa72435a0a7f77
48,WOS:000432942700042,10.1016/j.wneu.2018.02.033,29454115,18,http://gateway.webofknowledge.com/gateway/Gateway.cgi?GWVersion=2&SrcApp=PARTNER_APP&SrcAuth=LinksAMR&KeyUT=WOS:000432942700042&DestLinkType=FullRecord&DestApp=ALL_WOS&UsrCustomerID=d97ee273a286b266effa72435a0a7f77
49,WOS:000404610700014,10.1093/rheumatology/kex056,28371859,15,http://gateway.webofknowledge.com/gateway/Gateway.cgi?GWVersion=2&SrcApp=PARTNER_APP&SrcAuth=LinksAMR&KeyUT=WOS:000404610700014&DestLinkType=FullRecord&DestApp=ALL_WOS&UsrCustomerID=d97ee273a286b266effa72435a0a7f77
10,WOS:000383246600003,10.1002/mdc3.12225,26998505,5,http://gateway.webofknowledge.com/gateway/Gateway.cgi?GWVersion=2&SrcApp=PARTNER_APP&SrcAuth=LinksAMR&KeyUT=WOS:000383246600003&DestLinkType=FullRecord&DestApp=ALL_WOS&UsrCustomerID=d97ee273a286b266effa72435a0a7f77
11,WOS:000337660600029,10.1136/amiajnl-2013-002370,24682495,17,http://gateway.webofknowledge.com/gateway/Gateway.cgi?GWVersion=2&SrcApp=PARTNER_APP&SrcAuth=LinksAMR&KeyUT=WOS:000337660600029&DestLinkType=FullRecord&DestApp=ALL_WOS&UsrCustomerID=d97ee273a286b266effa72435a0a7f77
12,,,,0,N/A
13,WOS:000390955000001,10.1186/s12978-016-0251-8,27846848,4,http://gateway.webofknowledge.com/gateway/Gateway.cgi?GWVersion=2&SrcApp=PARTNER_APP&SrcAuth=LinksAMR&KeyUT=WOS:000390955000001&DestLinkType=FullRecord&DestApp=ALL_WOS&UsrCustomerID=d97ee273a286b266effa72435a0a7f77
14,WOS:000366552700004,10.1186/s12889-015-2585-5,26678996,11,http://gateway.webofknowledge.com/gateway/Gateway.cgi?GWVersion=2&SrcApp=PARTNER_APP&SrcAuth=LinksAMR&KeyUT=WOS:000366552700004&DestLinkType=FullRecord&DestApp=ALL_WOS&UsrCustomerID=d97ee273a286b266effa72435a0a7f77
15,WOS:000349415300003,10.1186/s12889-015-1354-9,25604454,33,http://gateway.webofknowledge.com/gateway/Gateway.cgi?GWVersion=2&SrcApp=PARTNER_APP&SrcAuth=LinksAMR&KeyUT=WOS:000349415300003&DestLinkType=FullRecord&DestApp=ALL_WOS&UsrCustomerID=d97ee273a286b266effa72435a0a7f77
16,WOS:000439446600007,10.1007/s00167-018-4838-1,29340746,6,http://gateway.webofknowledge.com/gateway/Gateway.cgi?GWVersion=2&SrcApp=PARTNER_APP&SrcAuth=LinksAMR&KeyUT=WOS:000439446600007&DestLinkType=FullRecord&DestApp=ALL_WOS&UsrCustomerID=d97ee273a286b266effa72435a0a7f77
17,WOS:000451443900001,10.1177/2325967118801762,30364394,4,http://gateway.webofknowledge.com/gateway/Gateway.cgi?GWVersion=2&SrcApp=PARTNER_APP&SrcAuth=LinksAMR&KeyUT=WOS:000451443900001&DestLinkType=FullRecord&DestApp=ALL_WOS&UsrCustomerID=d97ee273a286b266effa72435a0a7f77
18,WOS:000412484500026,10.1177/0363546517692543,28288280,11,http://gateway.webofknowledge.com/gateway/Gateway.cgi?GWVersion=2&SrcApp=PARTNER_APP&SrcAuth=LinksAMR&KeyUT=WOS:000412484500026&DestLinkType=FullRecord&DestApp=ALL_WOS&UsrCustomerID=d97ee273a286b266effa72435a0a7f77
19,WOS:000438111000005,10.1007/s40279-018-0871-y,29453743,12,http://gateway.webofknowledge.com/gateway/Gateway.cgi?GWVersion=2&SrcApp=PARTNER_APP&SrcAuth=LinksAMR&KeyUT=WOS:000438111000005&DestLinkType=FullRecord&DestApp=ALL_WOS&UsrCustomerID=d97ee273a286b266effa72435a0a7f77
0,WOS:000347646000060,10.1002/14651858.CD009439.pub2,25353703,12,http://gateway.webofknowledge.com/gateway/Gateway.cgi?GWVersion=2&SrcApp=PARTNER_APP&SrcAuth=LinksAMR&KeyUT=WOS:000347646000060&DestLinkType=FullRecord&DestApp=ALL_WOS&UsrCustomerID=d97ee273a286b266effa72435a0a7f77
1,WOS:000436574700008,10.1016/j.cjca.2018.04.006,29960616,4,http://gateway.webofknowledge.com/gateway/Gateway.cgi?GWVersion=2&SrcApp=PARTNER_APP&SrcAuth=LinksAMR&KeyUT=WOS:000436574700008&DestLinkType=FullRecord&DestApp=ALL_WOS&UsrCustomerID=d97ee273a286b266effa72435a0a7f77
2,WOS:000406916700018,10.1016/j.spinee.2017.04.005,28434926,1,http://gateway.webofknowledge.com/gateway/Gateway.cgi?GWVersion=2&SrcApp=PARTNER_APP&SrcAuth=LinksAMR&KeyUT=WOS:000406916700018&DestLinkType=FullRecord&DestApp=ALL_WOS&UsrCustomerID=d97ee273a286b266effa72435a0a7f77
3,WOS:000429246600006,10.12788/jhm.2979,29624188,2,http://gateway.webofknowledge.com/gateway/Gateway.cgi?GWVersion=2&SrcApp=PARTNER_APP&SrcAuth=LinksAMR&KeyUT=WOS:000429246600006&DestLinkType=FullRecord&DestApp=ALL_WOS&UsrCustomerID=d97ee273a286b266effa72435a0a7f77
4,WOS:000406420400004,10.1055/s-0037-1602658,28465865,2,http://gateway.webofknowledge.com/gateway/Gateway.cgi?GWVersion=2&SrcApp=PARTNER_APP&SrcAuth=LinksAMR&KeyUT=WOS:000406420400004&DestLinkType=FullRecord&DestApp=ALL_WOS&UsrCustomerID=d97ee273a286b266effa72435a0a7f77
5,WOS:000386769500017,10.1016/j.jaad.2016.07.002,27615798,19,http://gateway.webofknowledge.com/gateway/Gateway.cgi?GWVersion=2&SrcApp=PARTNER_APP&SrcAuth=LinksAMR&KeyUT=WOS:000386769500017&DestLinkType=FullRecord&DestApp=ALL_WOS&UsrCustomerID=d97ee273a286b266effa72435a0a7f77
6,WOS:000441137000014,10.1016/j.anai.2018.05.005,29753832,6,http://gateway.webofknowledge.com/gateway/Gateway.cgi?GWVersion=2&SrcApp=PARTNER_APP&SrcAuth=LinksAMR&KeyUT=WOS:000441137000014&DestLinkType=FullRecord&DestApp=ALL_WOS&UsrCustomerID=d97ee273a286b266effa72435a0a7f77
7,WOS:000454977900005,10.1093/humupd/dmy032,30307509,2,http://gateway.webofknowledge.com/gateway/Gateway.cgi?GWVersion=2&SrcApp=PARTNER_APP&SrcAuth=LinksAMR&KeyUT=WOS:000454977900005&DestLinkType=FullRecord&DestApp=ALL_WOS&UsrCustomerID=d97ee273a286b266effa72435a0a7f77
8,WOS:000427902500001,10.1186/s40035-018-0112-1,29568518,10,http://gateway.webofknowledge.com/gateway/Gateway.cgi?GWVersion=2&SrcApp=PARTNER_APP&SrcAuth=LinksAMR&KeyUT=WOS:000427902500001&DestLinkType=FullRecord&DestApp=ALL_WOS&UsrCustomerID=d97ee273a286b266effa72435a0a7f77
9,WOS:000440852100010,10.1111/sltb.12369,28731200,3,http://gateway.webofknowledge.com/gateway/Gateway.cgi?GWVersion=2&SrcApp=PARTNER_APP&SrcAuth=LinksAMR&KeyUT=WOS:000440852100010&DestLinkType=FullRecord&DestApp=ALL_WOS&UsrCustomerID=d97ee273a286b266effa72435a0a7f77
20,WOS:000385665000002,10.1097/WNN.0000000000000104,27662450,10,http://gateway.webofknowledge.com/gateway/Gateway.cgi?GWVersion=2&SrcApp=PARTNER_APP&SrcAuth=LinksAMR&KeyUT=WOS:000385665000002&DestLinkType=FullRecord&DestApp=ALL_WOS&UsrCustomerID=d97ee273a286b266effa72435a0a7f77
21,WOS:000403655300002,10.1177/1933719116670518,27688245,3,http://gateway.webofknowledge.com/gateway/Gateway.cgi?GWVersion=2&SrcApp=PARTNER_APP&SrcAuth=LinksAMR&KeyUT=WOS:000403655300002&DestLinkType=FullRecord&DestApp=ALL_WOS&UsrCustomerID=d97ee273a286b266effa72435a0a7f77
22,WOS:000389600100020,10.1002/14651858.CD005146.pub3,,15,http://gateway.webofknowledge.com/gateway/Gateway.cgi?GWVersion=2&SrcApp=PARTNER_APP&SrcAuth=LinksAMR&KeyUT=WOS:000389600100020&DestLinkType=FullRecord&DestApp=ALL_WOS&UsrCustomerID=d97ee273a286b266effa72435a0a7f77
23,WOS:000335848100001,10.2147/COPD.S63378,24868153,12,http://gateway.webofknowledge.com/gateway/Gateway.cgi?GWVersion=2&SrcApp=PARTNER_APP&SrcAuth=LinksAMR&KeyUT=WOS:000335848100001&DestLinkType=FullRecord&DestApp=ALL_WOS&UsrCustomerID=d97ee273a286b266effa72435a0a7f77
24,WOS:000361905800001,10.1177/1753465815589698,26085510,15,http://gateway.webofknowledge.com/gateway/Gateway.cgi?GWVersion=2&SrcApp=PARTNER_APP&SrcAuth=LinksAMR&KeyUT=WOS:000361905800001&DestLinkType=FullRecord&DestApp=ALL_WOS&UsrCustomerID=d97ee273a286b266effa72435a0a7f77
25,WOS:000399850800001,10.1016/j.vaccine.2017.02.045,28284682,8,http://gateway.webofknowledge.com/gateway/Gateway.cgi?GWVersion=2&SrcApp=PARTNER_APP&SrcAuth=LinksAMR&KeyUT=WOS:000399850800001&DestLinkType=FullRecord&DestApp=ALL_WOS&UsrCustomerID=d97ee273a286b266effa72435a0a7f77
26,WOS:000385128800001,10.1007/s12325-016-0388-4,27531519,15,http://gateway.webofknowledge.com/gateway/Gateway.cgi?GWVersion=2&SrcApp=PARTNER_APP&SrcAuth=LinksAMR&KeyUT=WOS:000385128800001&DestLinkType=FullRecord&DestApp=ALL_WOS&UsrCustomerID=d97ee273a286b266effa72435a0a7f77
27,WOS:000396378100021,10.1016/j.chest.2016.08.1461,27615023,16,http://gateway.webofknowledge.com/gateway/Gateway.cgi?GWVersion=2&SrcApp=PARTNER_APP&SrcAuth=LinksAMR&KeyUT=WOS:000396378100021&DestLinkType=FullRecord&DestApp=ALL_WOS&UsrCustomerID=d97ee273a286b266effa72435a0a7f77
28,WOS:000395649200008,10.1111/jgh.13476,27356122,6,http://gateway.webofknowledge.com/gateway/Gateway.cgi?GWVersion=2&SrcApp=PARTNER_APP&SrcAuth=LinksAMR&KeyUT=WOS:000395649200008&DestLinkType=FullRecord&DestApp=ALL_WOS&UsrCustomerID=d97ee273a286b266effa72435a0a7f77
29,WOS:000448665400005,10.1016/j.anai.2018.03.010,29551402,5,http://gateway.webofknowledge.com/gateway/Gateway.cgi?GWVersion=2&SrcApp=PARTNER_APP&SrcAuth=LinksAMR&KeyUT=WOS:000448665400005&DestLinkType=FullRecord&DestApp=ALL_WOS&UsrCustomerID=d97ee273a286b266effa72435a0a7f77
30,WOS:000355807400011,10.1001/jamapsychiatry.2015.0071,25785575,381,http://gateway.webofknowledge.com/gateway/Gateway.cgi?GWVersion=2&SrcApp=PARTNER_APP&SrcAuth=LinksAMR&KeyUT=WOS:000355807400011&DestLinkType=FullRecord&DestApp=ALL_WOS&UsrCustomerID=d97ee273a286b266effa72435a0a7f77
31,WOS:000378520100034,10.1542/peds.2015-4496,27230765,27,http://gateway.webofknowledge.com/gateway/Gateway.cgi?GWVersion=2&SrcApp=PARTNER_APP&SrcAuth=LinksAMR&KeyUT=WOS:000378520100034&DestLinkType=FullRecord&DestApp=ALL_WOS&UsrCustomerID=d97ee273a286b266effa72435a0a7f77
32,WOS:000336013700009,10.1159/000360609,24751886,23,http://gateway.webofknowledge.com/gateway/Gateway.cgi?GWVersion=2&SrcApp=PARTNER_APP&SrcAuth=LinksAMR&KeyUT=WOS:000336013700009&DestLinkType=FullRecord&DestApp=ALL_WOS&UsrCustomerID=d97ee273a286b266effa72435a0a7f77
33,WOS:000401872300020,10.1001/jamacardio.2016.0218,27438118,20,http://gateway.webofknowledge.com/gateway/Gateway.cgi?GWVersion=2&SrcApp=PARTNER_APP&SrcAuth=LinksAMR&KeyUT=WOS:000401872300020&DestLinkType=FullRecord&DestApp=ALL_WOS&UsrCustomerID=d97ee273a286b266effa72435a0a7f77
34,WOS:000466199300003,10.1055/s-0039-1678750,31003246,0,http://gateway.webofknowledge.com/gateway/Gateway.cgi?GWVersion=2&SrcApp=PARTNER_APP&SrcAuth=LinksAMR&KeyUT=WOS:000466199300003&DestLinkType=FullRecord&DestApp=ALL_WOS&UsrCustomerID=d97ee273a286b266effa72435a0a7f77
35,WOS:000456352300024,10.1016/j.vaccine.2017.01.083,28483201,0,http://gateway.webofknowledge.com/gateway/Gateway.cgi?GWVersion=2&SrcApp=PARTNER_APP&SrcAuth=LinksAMR&KeyUT=WOS:000456352300024&DestLinkType=FullRecord&DestApp=ALL_WOS&UsrCustomerID=d97ee273a286b266effa72435a0a7f77
36,WOS:000415165200017,10.1016/j.cgh.2017.06.002,28606848,6,http://gateway.webofknowledge.com/gateway/Gateway.cgi?GWVersion=2&SrcApp=PARTNER_APP&SrcAuth=LinksAMR&KeyUT=WOS:000415165200017&DestLinkType=FullRecord&DestApp=ALL_WOS&UsrCustomerID=d97ee273a286b266effa72435a0a7f77
37,WOS:000411795100007,10.1097/LGT.0000000000000338,28953110,8,http://gateway.webofknowledge.com/gateway/Gateway.cgi?GWVersion=2&SrcApp=PARTNER_APP&SrcAuth=LinksAMR&KeyUT=WOS:000411795100007&DestLinkType=FullRecord&DestApp=ALL_WOS&UsrCustomerID=d97ee273a286b266effa72435a0a7f77
38,WOS:000343952000028,10.1016/j.ejogrb.2014.07.047,25150953,13,http://gateway.webofknowledge.com/gateway/Gateway.cgi?GWVersion=2&SrcApp=PARTNER_APP&SrcAuth=LinksAMR&KeyUT=WOS:000343952000028&DestLinkType=FullRecord&DestApp=ALL_WOS&UsrCustomerID=d97ee273a286b266effa72435a0a7f77
39,WOS:000382922400020,10.1007/s00404-016-4048-3,26897498,6,http://gateway.webofknowledge.com/gateway/Gateway.cgi?GWVersion=2&SrcApp=PARTNER_APP&SrcAuth=LinksAMR&KeyUT=WOS:000382922400020&DestLinkType=FullRecord&DestApp=ALL_WOS&UsrCustomerID=d97ee273a286b266effa72435a0a7f77
40,WOS:000444945000018,10.1002/ccd.27359,29024274,2,http://gateway.webofknowledge.com/gateway/Gateway.cgi?GWVersion=2&SrcApp=PARTNER_APP&SrcAuth=LinksAMR&KeyUT=WOS:000444945000018&DestLinkType=FullRecord&DestApp=ALL_WOS&UsrCustomerID=d97ee273a286b266effa72435a0a7f77
41,WOS:000373918100023,10.1016/j.ijcard.2016.02.146,26991555,39,http://gateway.webofknowledge.com/gateway/Gateway.cgi?GWVersion=2&SrcApp=PARTNER_APP&SrcAuth=LinksAMR&KeyUT=WOS:000373918100023&DestLinkType=FullRecord&DestApp=ALL_WOS&UsrCustomerID=d97ee273a286b266effa72435a0a7f77
42,WOS:000372725100006,10.1055/s-0042-100194,27004242,13,http://gateway.webofknowledge.com/gateway/Gateway.cgi?GWVersion=2&SrcApp=PARTNER_APP&SrcAuth=LinksAMR&KeyUT=WOS:000372725100006&DestLinkType=FullRecord&DestApp=ALL_WOS&UsrCustomerID=d97ee273a286b266effa72435a0a7f77
43,WOS:000388822900005,10.1136/archdischild-2016-310814,27226525,7,http://gateway.webofknowledge.com/gateway/Gateway.cgi?GWVersion=2&SrcApp=PARTNER_APP&SrcAuth=LinksAMR&KeyUT=WOS:000388822900005&DestLinkType=FullRecord&DestApp=ALL_WOS&UsrCustomerID=d97ee273a286b266effa72435a0a7f77
44,WOS:000389399100010,10.2522/ptj.20150401,27313240,25,http://gateway.webofknowledge.com/gateway/Gateway.cgi?GWVersion=2&SrcApp=PARTNER_APP&SrcAuth=LinksAMR&KeyUT=WOS:000389399100010&DestLinkType=FullRecord&DestApp=ALL_WOS&UsrCustomerID=d97ee273a286b266effa72435a0a7f77
45,WOS:000390623200007,10.1016/j.ijnurstu.2016.09.014,27684321,21,http://gateway.webofknowledge.com/gateway/Gateway.cgi?GWVersion=2&SrcApp=PARTNER_APP&SrcAuth=LinksAMR&KeyUT=WOS:000390623200007&DestLinkType=FullRecord&DestApp=ALL_WOS&UsrCustomerID=d97ee273a286b266effa72435a0a7f77
46,WOS:000432094000002,10.1177/1357633X17696587,28350281,3,http://gateway.webofknowledge.com/gateway/Gateway.cgi?GWVersion=2&SrcApp=PARTNER_APP&SrcAuth=LinksAMR&KeyUT=WOS:000432094000002&DestLinkType=FullRecord&DestApp=ALL_WOS&UsrCustomerID=d97ee273a286b266effa72435a0a7f77
47,WOS:000351307700018,10.1007/s11904-014-0239-3,25626718,100,http://gateway.webofknowledge.com/gateway/Gateway.cgi?GWVersion=2&SrcApp=PARTNER_APP&SrcAuth=LinksAMR&KeyUT=WOS:000351307700018&DestLinkType=FullRecord&DestApp=ALL_WOS&UsrCustomerID=d97ee273a286b266effa72435a0a7f77
48,WOS:000449399700005,10.7326/M18-1161,30383109,5,http://gateway.webofknowledge.com/gateway/Gateway.cgi?GWVersion=2&SrcApp=PARTNER_APP&SrcAuth=LinksAMR&KeyUT=WOS:000449399700005&DestLinkType=FullRecord&DestApp=ALL_WOS&UsrCustomerID=d97ee273a286b266effa72435a0a7f77
49,WOS:000388320400007,10.1097/BCR.0000000000000282,26284636,9,http://gateway.webofknowledge.com/gateway/Gateway.cgi?GWVersion=2&SrcApp=PARTNER_APP&SrcAuth=LinksAMR&KeyUT=WOS:000388320400007&DestLinkType=FullRecord&DestApp=ALL_WOS&UsrCustomerID=d97ee273a286b266effa72435a0a7f77
10,WOS:000344367000003,10.1007/s40271-014-0055-2,24668214,35,http://gateway.webofknowledge.com/gateway/Gateway.cgi?GWVersion=2&SrcApp=PARTNER_APP&SrcAuth=LinksAMR&KeyUT=WOS:000344367000003&DestLinkType=FullRecord&DestApp=ALL_WOS&UsrCustomerID=d97ee273a286b266effa72435a0a7f77
11,WOS:000397352300015,10.1017/ice.2016.324,28300019,7,http://gateway.webofknowledge.com/gateway/Gateway.cgi?GWVersion=2&SrcApp=PARTNER_APP&SrcAuth=LinksAMR&KeyUT=WOS:000397352300015&DestLinkType=FullRecord&DestApp=ALL_WOS&UsrCustomerID=d97ee273a286b266effa72435a0a7f77
12,WOS:000451806000007,10.7326/M18-1523,30383133,0,http://gateway.webofknowledge.com/gateway/Gateway.cgi?GWVersion=2&SrcApp=PARTNER_APP&SrcAuth=LinksAMR&KeyUT=WOS:000451806000007&DestLinkType=FullRecord&DestApp=ALL_WOS&UsrCustomerID=d97ee273a286b266effa72435a0a7f77
13,WOS:000449215800002,10.1001/jamapediatrics.2018.2847,30193325,10,http://gateway.webofknowledge.com/gateway/Gateway.cgi?GWVersion=2&SrcApp=PARTNER_APP&SrcAuth=LinksAMR&KeyUT=WOS:000449215800002&DestLinkType=FullRecord&DestApp=ALL_WOS&UsrCustomerID=d97ee273a286b266effa72435a0a7f77
14,WOS:000418894100013,10.1007/s13142-017-0502-4,28589531,5,http://gateway.webofknowledge.com/gateway/Gateway.cgi?GWVersion=2&SrcApp=PARTNER_APP&SrcAuth=LinksAMR&KeyUT=WOS:000418894100013&DestLinkType=FullRecord&DestApp=ALL_WOS&UsrCustomerID=d97ee273a286b266effa72435a0a7f77
15,WOS:000399501400015,10.1080/15569527.2016.1217423,27486965,3,http://gateway.webofknowledge.com/gateway/Gateway.cgi?GWVersion=2&SrcApp=PARTNER_APP&SrcAuth=LinksAMR&KeyUT=WOS:000399501400015&DestLinkType=FullRecord&DestApp=ALL_WOS&UsrCustomerID=d97ee273a286b266effa72435a0a7f77
16,,,,0,N/A
17,WOS:000447826300016,10.1016/j.cgh.2018.06.005,29908360,5,http://gateway.webofknowledge.com/gateway/Gateway.cgi?GWVersion=2&SrcApp=PARTNER_APP&SrcAuth=LinksAMR&KeyUT=WOS:000447826300016&DestLinkType=FullRecord&DestApp=ALL_WOS&UsrCustomerID=d97ee273a286b266effa72435a0a7f77
18,,,,0,N/A
19,WOS:000375047600007,10.1097/JCN.0000000000000242,25882647,15,http://gateway.webofknowledge.com/gateway/Gateway.cgi?GWVersion=2&SrcApp=PARTNER_APP&SrcAuth=LinksAMR&KeyUT=WOS:000375047600007&DestLinkType=FullRecord&DestApp=ALL_WOS&UsrCustomerID=d97ee273a286b266effa72435a0a7f77
0,WOS:000456557500012,10.1093/rheumatology/key211,30060244,1,http://gateway.webofknowledge.com/gateway/Gateway.cgi?GWVersion=2&SrcApp=PARTNER_APP&SrcAuth=LinksAMR&KeyUT=WOS:000456557500012&DestLinkType=FullRecord&DestApp=ALL_WOS&UsrCustomerID=d97ee273a286b266effa72435a0a7f77
1,WOS:000349834300002,10.3233/JPD-140425,25374272,23,http://gateway.webofknowledge.com/gateway/Gateway.cgi?GWVersion=2&SrcApp=PARTNER_APP&SrcAuth=LinksAMR&KeyUT=WOS:000349834300002&DestLinkType=FullRecord&DestApp=ALL_WOS&UsrCustomerID=d97ee273a286b266effa72435a0a7f77
2,WOS:000466746000008,10.1097/ALN.0000000000002490,30550426,2,http://gateway.webofknowledge.com/gateway/Gateway.cgi?GWVersion=2&SrcApp=PARTNER_APP&SrcAuth=LinksAMR&KeyUT=WOS:000466746000008&DestLinkType=FullRecord&DestApp=ALL_WOS&UsrCustomerID=d97ee273a286b266effa72435a0a7f77
3,,,,0,N/A
4,WOS:000415355700002,10.1177/1947603516670709,28317389,19,http://gateway.webofknowledge.com/gateway/Gateway.cgi?GWVersion=2&SrcApp=PARTNER_APP&SrcAuth=LinksAMR&KeyUT=WOS:000415355700002&DestLinkType=FullRecord&DestApp=ALL_WOS&UsrCustomerID=d97ee273a286b266effa72435a0a7f77
5,WOS:000366059800036,10.1002/14651858.CD007951.pub2,26374731,4,http://gateway.webofknowledge.com/gateway/Gateway.cgi?GWVersion=2&SrcApp=PARTNER_APP&SrcAuth=LinksAMR&KeyUT=WOS:000366059800036&DestLinkType=FullRecord&DestApp=ALL_WOS&UsrCustomerID=d97ee273a286b266effa72435a0a7f77
6,WOS:000329890300017,10.1016/j.annemergmed.2013.03.002,23567063,21,http://gateway.webofknowledge.com/gateway/Gateway.cgi?GWVersion=2&SrcApp=PARTNER_APP&SrcAuth=LinksAMR&KeyUT=WOS:000329890300017&DestLinkType=FullRecord&DestApp=ALL_WOS&UsrCustomerID=d97ee273a286b266effa72435a0a7f77
7,WOS:000453711200014,10.1111/jocs.13938,30548698,1,http://gateway.webofknowledge.com/gateway/Gateway.cgi?GWVersion=2&SrcApp=PARTNER_APP&SrcAuth=LinksAMR&KeyUT=WOS:000453711200014&DestLinkType=FullRecord&DestApp=ALL_WOS&UsrCustomerID=d97ee273a286b266effa72435a0a7f77
8,WOS:000414183900012,10.1002/alr.22015,28985031,0,http://gateway.webofknowledge.com/gateway/Gateway.cgi?GWVersion=2&SrcApp=PARTNER_APP&SrcAuth=LinksAMR&KeyUT=WOS:000414183900012&DestLinkType=FullRecord&DestApp=ALL_WOS&UsrCustomerID=d97ee273a286b266effa72435a0a7f77
9,WOS:000376331500003,10.1021/acs.est.5b06186,27058059,43,http://gateway.webofknowledge.com/gateway/Gateway.cgi?GWVersion=2&SrcApp=PARTNER_APP&SrcAuth=LinksAMR&KeyUT=WOS:000376331500003&DestLinkType=FullRecord&DestApp=ALL_WOS&UsrCustomerID=d97ee273a286b266effa72435a0a7f77
20,WOS:000461680800016,10.1080/09638288.2017.1411982,29212379,3,http://gateway.webofknowledge.com/gateway/Gateway.cgi?GWVersion=2&SrcApp=PARTNER_APP&SrcAuth=LinksAMR&KeyUT=WOS:000461680800016&DestLinkType=FullRecord&DestApp=ALL_WOS&UsrCustomerID=d97ee273a286b266effa72435a0a7f77
21,WOS:000407971600041,10.1007/s11695-017-2807-2,28681256,11,http://gateway.webofknowledge.com/gateway/Gateway.cgi?GWVersion=2&SrcApp=PARTNER_APP&SrcAuth=LinksAMR&KeyUT=WOS:000407971600041&DestLinkType=FullRecord&DestApp=ALL_WOS&UsrCustomerID=d97ee273a286b266effa72435a0a7f77
22,WOS:000400029400036,10.1007/s11695-017-2644-3,28303508,14,http://gateway.webofknowledge.com/gateway/Gateway.cgi?GWVersion=2&SrcApp=PARTNER_APP&SrcAuth=LinksAMR&KeyUT=WOS:000400029400036&DestLinkType=FullRecord&DestApp=ALL_WOS&UsrCustomerID=d97ee273a286b266effa72435a0a7f77
23,WOS:000424079300001,10.1089/lap.2017.0245,29389227,0,http://gateway.webofknowledge.com/gateway/Gateway.cgi?GWVersion=2&SrcApp=PARTNER_APP&SrcAuth=LinksAMR&KeyUT=WOS:000424079300001&DestLinkType=FullRecord&DestApp=ALL_WOS&UsrCustomerID=d97ee273a286b266effa72435a0a7f77
24,WOS:000365045100021,10.3324/haematol.2015.123455,26001789,25,http://gateway.webofknowledge.com/gateway/Gateway.cgi?GWVersion=2&SrcApp=PARTNER_APP&SrcAuth=LinksAMR&KeyUT=WOS:000365045100021&DestLinkType=FullRecord&DestApp=ALL_WOS&UsrCustomerID=d97ee273a286b266effa72435a0a7f77
25,WOS:000337177400005,10.1089/fpd.2013.1704,24750096,96,http://gateway.webofknowledge.com/gateway/Gateway.cgi?GWVersion=2&SrcApp=PARTNER_APP&SrcAuth=LinksAMR&KeyUT=WOS:000337177400005&DestLinkType=FullRecord&DestApp=ALL_WOS&UsrCustomerID=d97ee273a286b266effa72435a0a7f77
26,WOS:000372301900018,10.1007/s10620-015-3959-3,26572780,19,http://gateway.webofknowledge.com/gateway/Gateway.cgi?GWVersion=2&SrcApp=PARTNER_APP&SrcAuth=LinksAMR&KeyUT=WOS:000372301900018&DestLinkType=FullRecord&DestApp=ALL_WOS&UsrCustomerID=d97ee273a286b266effa72435a0a7f77
27,WOS:000381617700001,10.1186/s13054-016-1434-y,27538711,60,http://gateway.webofknowledge.com/gateway/Gateway.cgi?GWVersion=2&SrcApp=PARTNER_APP&SrcAuth=LinksAMR&KeyUT=WOS:000381617700001&DestLinkType=FullRecord&DestApp=ALL_WOS&UsrCustomerID=d97ee273a286b266effa72435a0a7f77
28,WOS:000394579700001,10.1136/bmj.i6583,28202713,155,http://gateway.webofknowledge.com/gateway/Gateway.cgi?GWVersion=2&SrcApp=PARTNER_APP&SrcAuth=LinksAMR&KeyUT=WOS:000394579700001&DestLinkType=FullRecord&DestApp=ALL_WOS&UsrCustomerID=d97ee273a286b266effa72435a0a7f77
29,WOS:000405574300011,10.1177/1073110517720654,,1,http://gateway.webofknowledge.com/gateway/Gateway.cgi?GWVersion=2&SrcApp=PARTNER_APP&SrcAuth=LinksAMR&KeyUT=WOS:000405574300011&DestLinkType=FullRecord&DestApp=ALL_WOS&UsrCustomerID=d97ee273a286b266effa72435a0a7f77
30,WOS:000481836100006,10.1002/lary.27627,30570760,0,http://gateway.webofknowledge.com/gateway/Gateway.cgi?GWVersion=2&SrcApp=PARTNER_APP&SrcAuth=LinksAMR&KeyUT=WOS:000481836100006&DestLinkType=FullRecord&DestApp=ALL_WOS&UsrCustomerID=d97ee273a286b266effa72435a0a7f77
31,WOS:000340318200040,10.1016/j.ejogrb.2014.04.017,24768232,7,http://gateway.webofknowledge.com/gateway/Gateway.cgi?GWVersion=2&SrcApp=PARTNER_APP&SrcAuth=LinksAMR&KeyUT=WOS:000340318200040&DestLinkType=FullRecord&DestApp=ALL_WOS&UsrCustomerID=d97ee273a286b266effa72435a0a7f77
32,WOS:000376447200052,10.1016/j.spinee.2015.11.055,26681351,43,http://gateway.webofknowledge.com/gateway/Gateway.cgi?GWVersion=2&SrcApp=PARTNER_APP&SrcAuth=LinksAMR&KeyUT=WOS:000376447200052&DestLinkType=FullRecord&DestApp=ALL_WOS&UsrCustomerID=d97ee273a286b266effa72435a0a7f77
33,WOS:000377428600002,10.1007/s00264-015-3045-7,26572881,4,http://gateway.webofknowledge.com/gateway/Gateway.cgi?GWVersion=2&SrcApp=PARTNER_APP&SrcAuth=LinksAMR&KeyUT=WOS:000377428600002&DestLinkType=FullRecord&DestApp=ALL_WOS&UsrCustomerID=d97ee273a286b266effa72435a0a7f77
34,WOS:000338760100005,10.1097/JOM.0000000000000171,24905421,34,http://gateway.webofknowledge.com/gateway/Gateway.cgi?GWVersion=2&SrcApp=PARTNER_APP&SrcAuth=LinksAMR&KeyUT=WOS:000338760100005&DestLinkType=FullRecord&DestApp=ALL_WOS&UsrCustomerID=d97ee273a286b266effa72435a0a7f77
35,WOS:000433523800002,10.1177/1076029617746506,29439639,0,http://gateway.webofknowledge.com/gateway/Gateway.cgi?GWVersion=2&SrcApp=PARTNER_APP&SrcAuth=LinksAMR&KeyUT=WOS:000433523800002&DestLinkType=FullRecord&DestApp=ALL_WOS&UsrCustomerID=d97ee273a286b266effa72435a0a7f77
36,WOS:000345288800019,10.1161/CIRCHEARTFAILURE.114.001391,25294625,74,http://gateway.webofknowledge.com/gateway/Gateway.cgi?GWVersion=2&SrcApp=PARTNER_APP&SrcAuth=LinksAMR&KeyUT=WOS:000345288800019&DestLinkType=FullRecord&DestApp=ALL_WOS&UsrCustomerID=d97ee273a286b266effa72435a0a7f77
37,WOS:000436593900007,10.1007/s40273-018-0658-x,29736895,13,http://gateway.webofknowledge.com/gateway/Gateway.cgi?GWVersion=2&SrcApp=PARTNER_APP&SrcAuth=LinksAMR&KeyUT=WOS:000436593900007&DestLinkType=FullRecord&DestApp=ALL_WOS&UsrCustomerID=d97ee273a286b266effa72435a0a7f77
38,WOS:000362084200020,10.1111/bcp.12657,25868941,24,http://gateway.webofknowledge.com/gateway/Gateway.cgi?GWVersion=2&SrcApp=PARTNER_APP&SrcAuth=LinksAMR&KeyUT=WOS:000362084200020&DestLinkType=FullRecord&DestApp=ALL_WOS&UsrCustomerID=d97ee273a286b266effa72435a0a7f77
39,WOS:000343398100011,10.1093/jpepsy/jsu041,24947271,79,http://gateway.webofknowledge.com/gateway/Gateway.cgi?GWVersion=2&SrcApp=PARTNER_APP&SrcAuth=LinksAMR&KeyUT=WOS:000343398100011&DestLinkType=FullRecord&DestApp=ALL_WOS&UsrCustomerID=d97ee273a286b266effa72435a0a7f77
40,WOS:000427563500002,10.1111/dme.13568,29247556,13,http://gateway.webofknowledge.com/gateway/Gateway.cgi?GWVersion=2&SrcApp=PARTNER_APP&SrcAuth=LinksAMR&KeyUT=WOS:000427563500002&DestLinkType=FullRecord&DestApp=ALL_WOS&UsrCustomerID=d97ee273a286b266effa72435a0a7f77
41,,,,0,N/A
42,WOS:000407563200002,10.1080/09593985.2017.1345026,28715273,0,http://gateway.webofknowledge.com/gateway/Gateway.cgi?GWVersion=2&SrcApp=PARTNER_APP&SrcAuth=LinksAMR&KeyUT=WOS:000407563200002&DestLinkType=FullRecord&DestApp=ALL_WOS&UsrCustomerID=d97ee273a286b266effa72435a0a7f77
43,WOS:000417745100036,10.1093/ije/dyx202,29040626,21,http://gateway.webofknowledge.com/gateway/Gateway.cgi?GWVersion=2&SrcApp=PARTNER_APP&SrcAuth=LinksAMR&KeyUT=WOS:000417745100036&DestLinkType=FullRecord&DestApp=ALL_WOS&UsrCustomerID=d97ee273a286b266effa72435a0a7f77
44,WOS:000387780100003,10.1097/HJH.0000000000001094,27755384,2,http://gateway.webofknowledge.com/gateway/Gateway.cgi?GWVersion=2&SrcApp=PARTNER_APP&SrcAuth=LinksAMR&KeyUT=WOS:000387780100003&DestLinkType=FullRecord&DestApp=ALL_WOS&UsrCustomerID=d97ee273a286b266effa72435a0a7f77
45,WOS:000414212400012,10.1016/j.jpurol.2017.05.006,28687411,3,http://gateway.webofknowledge.com/gateway/Gateway.cgi?GWVersion=2&SrcApp=PARTNER_APP&SrcAuth=LinksAMR&KeyUT=WOS:000414212400012&DestLinkType=FullRecord&DestApp=ALL_WOS&UsrCustomerID=d97ee273a286b266effa72435a0a7f77
46,WOS:000389550300045,10.1016/j.urology.2016.06.066,27538802,1,http://gateway.webofknowledge.com/gateway/Gateway.cgi?GWVersion=2&SrcApp=PARTNER_APP&SrcAuth=LinksAMR&KeyUT=WOS:000389550300045&DestLinkType=FullRecord&DestApp=ALL_WOS&UsrCustomerID=d97ee273a286b266effa72435a0a7f77
47,WOS:000439697700012,10.1093/neuros/nyy037,29538685,4,http://gateway.webofknowledge.com/gateway/Gateway.cgi?GWVersion=2&SrcApp=PARTNER_APP&SrcAuth=LinksAMR&KeyUT=WOS:000439697700012&DestLinkType=FullRecord&DestApp=ALL_WOS&UsrCustomerID=d97ee273a286b266effa72435a0a7f77
48,WOS:000330583100057,10.1016/j.avsg.2013.07.012,24485779,13,http://gateway.webofknowledge.com/gateway/Gateway.cgi?GWVersion=2&SrcApp=PARTNER_APP&SrcAuth=LinksAMR&KeyUT=WOS:000330583100057&DestLinkType=FullRecord&DestApp=ALL_WOS&UsrCustomerID=d97ee273a286b266effa72435a0a7f77
49,WOS:000391510400041,10.1245/s10434-016-5417-7,27406098,9,http://gateway.webofknowledge.com/gateway/Gateway.cgi?GWVersion=2&SrcApp=PARTNER_APP&SrcAuth=LinksAMR&KeyUT=WOS:000391510400041&DestLinkType=FullRecord&DestApp=ALL_WOS&UsrCustomerID=d97ee273a286b266effa72435a0a7f77
10,WOS:000439315900005,10.5312/wjo.v6.i7.537,26301183,14,http://gateway.webofknowledge.com/gateway/Gateway.cgi?GWVersion=2&SrcApp=PARTNER_APP&SrcAuth=LinksAMR&KeyUT=WOS:000439315900005&DestLinkType=FullRecord&DestApp=ALL_WOS&UsrCustomerID=d97ee273a286b266effa72435a0a7f77
11,WOS:000364286200001,10.1097/BSD.0000000000000124,24901878,9,http://gateway.webofknowledge.com/gateway/Gateway.cgi?GWVersion=2&SrcApp=PARTNER_APP&SrcAuth=LinksAMR&KeyUT=WOS:000364286200001&DestLinkType=FullRecord&DestApp=ALL_WOS&UsrCustomerID=d97ee273a286b266effa72435a0a7f77
12,WOS:000368509600005,10.1097/BRS.0000000000001113,26274529,6,http://gateway.webofknowledge.com/gateway/Gateway.cgi?GWVersion=2&SrcApp=PARTNER_APP&SrcAuth=LinksAMR&KeyUT=WOS:000368509600005&DestLinkType=FullRecord&DestApp=ALL_WOS&UsrCustomerID=d97ee273a286b266effa72435a0a7f77
13,WOS:000373354800016,10.1007/s11999-015-4590-5,26472583,14,http://gateway.webofknowledge.com/gateway/Gateway.cgi?GWVersion=2&SrcApp=PARTNER_APP&SrcAuth=LinksAMR&KeyUT=WOS:000373354800016&DestLinkType=FullRecord&DestApp=ALL_WOS&UsrCustomerID=d97ee273a286b266effa72435a0a7f77
14,WOS:000358618900001,10.1002/pon.3704,25328103,13,http://gateway.webofknowledge.com/gateway/Gateway.cgi?GWVersion=2&SrcApp=PARTNER_APP&SrcAuth=LinksAMR&KeyUT=WOS:000358618900001&DestLinkType=FullRecord&DestApp=ALL_WOS&UsrCustomerID=d97ee273a286b266effa72435a0a7f77
15,WOS:000429790700014,10.5588/ijtld.17.0629,29471910,3,http://gateway.webofknowledge.com/gateway/Gateway.cgi?GWVersion=2&SrcApp=PARTNER_APP&SrcAuth=LinksAMR&KeyUT=WOS:000429790700014&DestLinkType=FullRecord&DestApp=ALL_WOS&UsrCustomerID=d97ee273a286b266effa72435a0a7f77
16,WOS:000343021600006,10.1016/j.jopan.2013.12.008,25261140,4,http://gateway.webofknowledge.com/gateway/Gateway.cgi?GWVersion=2&SrcApp=PARTNER_APP&SrcAuth=LinksAMR&KeyUT=WOS:000343021600006&DestLinkType=FullRecord&DestApp=ALL_WOS&UsrCustomerID=d97ee273a286b266effa72435a0a7f77
17,WOS:000339561800001,10.1017/S135561771300146X,24622505,25,http://gateway.webofknowledge.com/gateway/Gateway.cgi?GWVersion=2&SrcApp=PARTNER_APP&SrcAuth=LinksAMR&KeyUT=WOS:000339561800001&DestLinkType=FullRecord&DestApp=ALL_WOS&UsrCustomerID=d97ee273a286b266effa72435a0a7f77
18,WOS:000356773200004,10.1016/j.jadohealth.2015.03.010,26112735,25,http://gateway.webofknowledge.com/gateway/Gateway.cgi?GWVersion=2&SrcApp=PARTNER_APP&SrcAuth=LinksAMR&KeyUT=WOS:000356773200004&DestLinkType=FullRecord&DestApp=ALL_WOS&UsrCustomerID=d97ee273a286b266effa72435a0a7f77
19,WOS:000412430000012,10.1097/CIN.0000000000000329,28240616,3,http://gateway.webofknowledge.com/gateway/Gateway.cgi?GWVersion=2&SrcApp=PARTNER_APP&SrcAuth=LinksAMR&KeyUT=WOS:000412430000012&DestLinkType=FullRecord&DestApp=ALL_WOS&UsrCustomerID=d97ee273a286b266effa72435a0a7f77
0,WOS:000354211800015,10.1016/j.jaip.2014.09.018,25609326,37,http://gateway.webofknowledge.com/gateway/Gateway.cgi?GWVersion=2&SrcApp=PARTNER_APP&SrcAuth=LinksAMR&KeyUT=WOS:000354211800015&DestLinkType=FullRecord&DestApp=ALL_WOS&UsrCustomerID=d97ee273a286b266effa72435a0a7f77
1,WOS:000363536300011,10.1097/ALN.0000000000000706,25978326,114,http://gateway.webofknowledge.com/gateway/Gateway.cgi?GWVersion=2&SrcApp=PARTNER_APP&SrcAuth=LinksAMR&KeyUT=WOS:000363536300011&DestLinkType=FullRecord&DestApp=ALL_WOS&UsrCustomerID=d97ee273a286b266effa72435a0a7f77
2,WOS:000423443000014,10.21037/atm.2018.01.16,,1,http://gateway.webofknowledge.com/gateway/Gateway.cgi?GWVersion=2&SrcApp=PARTNER_APP&SrcAuth=LinksAMR&KeyUT=WOS:000423443000014&DestLinkType=FullRecord&DestApp=ALL_WOS&UsrCustomerID=d97ee273a286b266effa72435a0a7f77
3,WOS:000374705900001,10.1111/jgs.14076,27004732,103,http://gateway.webofknowledge.com/gateway/Gateway.cgi?GWVersion=2&SrcApp=PARTNER_APP&SrcAuth=LinksAMR&KeyUT=WOS:000374705900001&DestLinkType=FullRecord&DestApp=ALL_WOS&UsrCustomerID=d97ee273a286b266effa72435a0a7f77
4,WOS:000358844800001,10.1017/S0950268814003847,25600652,25,http://gateway.webofknowledge.com/gateway/Gateway.cgi?GWVersion=2&SrcApp=PARTNER_APP&SrcAuth=LinksAMR&KeyUT=WOS:000358844800001&DestLinkType=FullRecord&DestApp=ALL_WOS&UsrCustomerID=d97ee273a286b266effa72435a0a7f77
5,WOS:000441508100015,10.1136/bmjgh-2018-000810,29989045,3,http://gateway.webofknowledge.com/gateway/Gateway.cgi?GWVersion=2&SrcApp=PARTNER_APP&SrcAuth=LinksAMR&KeyUT=WOS:000441508100015&DestLinkType=FullRecord&DestApp=ALL_WOS&UsrCustomerID=d97ee273a286b266effa72435a0a7f77
6,WOS:000339592700002,10.1186/1748-717X-9-155,25016309,60,http://gateway.webofknowledge.com/gateway/Gateway.cgi?GWVersion=2&SrcApp=PARTNER_APP&SrcAuth=LinksAMR&KeyUT=WOS:000339592700002&DestLinkType=FullRecord&DestApp=ALL_WOS&UsrCustomerID=d97ee273a286b266effa72435a0a7f77
7,WOS:000416584200016,10.7326/M17-1811,29132152,4,http://gateway.webofknowledge.com/gateway/Gateway.cgi?GWVersion=2&SrcApp=PARTNER_APP&SrcAuth=LinksAMR&KeyUT=WOS:000416584200016&DestLinkType=FullRecord&DestApp=ALL_WOS&UsrCustomerID=d97ee273a286b266effa72435a0a7f77
8,WOS:000442786300005,10.1016/j.jchf.2018.03.019,30007556,9,http://gateway.webofknowledge.com/gateway/Gateway.cgi?GWVersion=2&SrcApp=PARTNER_APP&SrcAuth=LinksAMR&KeyUT=WOS:000442786300005&DestLinkType=FullRecord&DestApp=ALL_WOS&UsrCustomerID=d97ee273a286b266effa72435a0a7f77
9,,,,0,N/A
20,WOS:000427011300002,10.1159/000484206,29485411,1,http://gateway.webofknowledge.com/gateway/Gateway.cgi?GWVersion=2&SrcApp=PARTNER_APP&SrcAuth=LinksAMR&KeyUT=WOS:000427011300002&DestLinkType=FullRecord&DestApp=ALL_WOS&UsrCustomerID=d97ee273a286b266effa72435a0a7f77
21,WOS:000453785200024,10.1016/j.jpeds.2018.08.042,30297287,6,http://gateway.webofknowledge.com/gateway/Gateway.cgi?GWVersion=2&SrcApp=PARTNER_APP&SrcAuth=LinksAMR&KeyUT=WOS:000453785200024&DestLinkType=FullRecord&DestApp=ALL_WOS&UsrCustomerID=d97ee273a286b266effa72435a0a7f77
22,WOS:000423977300018,10.1002/14651858.CD012285.pub2,29304272,1,http://gateway.webofknowledge.com/gateway/Gateway.cgi?GWVersion=2&SrcApp=PARTNER_APP&SrcAuth=LinksAMR&KeyUT=WOS:000423977300018&DestLinkType=FullRecord&DestApp=ALL_WOS&UsrCustomerID=d97ee273a286b266effa72435a0a7f77
23,WOS:000424772500001,10.1080/1354750X.2017.1397194,29144175,0,http://gateway.webofknowledge.com/gateway/Gateway.cgi?GWVersion=2&SrcApp=PARTNER_APP&SrcAuth=LinksAMR&KeyUT=WOS:000424772500001&DestLinkType=FullRecord&DestApp=ALL_WOS&UsrCustomerID=d97ee273a286b266effa72435a0a7f77
24,WOS:000346234500005,10.1001/jamadermatol.2014.1253,25162181,29,http://gateway.webofknowledge.com/gateway/Gateway.cgi?GWVersion=2&SrcApp=PARTNER_APP&SrcAuth=LinksAMR&KeyUT=WOS:000346234500005&DestLinkType=FullRecord&DestApp=ALL_WOS&UsrCustomerID=d97ee273a286b266effa72435a0a7f77
25,WOS:000415053200029,10.1016/j.clgc.2017.02.003,28442227,5,http://gateway.webofknowledge.com/gateway/Gateway.cgi?GWVersion=2&SrcApp=PARTNER_APP&SrcAuth=LinksAMR&KeyUT=WOS:000415053200029&DestLinkType=FullRecord&DestApp=ALL_WOS&UsrCustomerID=d97ee273a286b266effa72435a0a7f77
26,WOS:000459785900026,10.1016/j.resuscitation.2018.09.004,30201536,0,http://gateway.webofknowledge.com/gateway/Gateway.cgi?GWVersion=2&SrcApp=PARTNER_APP&SrcAuth=LinksAMR&KeyUT=WOS:000459785900026&DestLinkType=FullRecord&DestApp=ALL_WOS&UsrCustomerID=d97ee273a286b266effa72435a0a7f77
27,WOS:000368592500030,10.1016/j.jpeds.2015.09.032,26500108,19,http://gateway.webofknowledge.com/gateway/Gateway.cgi?GWVersion=2&SrcApp=PARTNER_APP&SrcAuth=LinksAMR&KeyUT=WOS:000368592500030&DestLinkType=FullRecord&DestApp=ALL_WOS&UsrCustomerID=d97ee273a286b266effa72435a0a7f77
28,WOS:000401132100052,10.1016/j.arth.2016.12.049,28162838,31,http://gateway.webofknowledge.com/gateway/Gateway.cgi?GWVersion=2&SrcApp=PARTNER_APP&SrcAuth=LinksAMR&KeyUT=WOS:000401132100052&DestLinkType=FullRecord&DestApp=ALL_WOS&UsrCustomerID=d97ee273a286b266effa72435a0a7f77
29,WOS:000335919500013,10.1093/ije/dyt261,24464188,401,http://gateway.webofknowledge.com/gateway/Gateway.cgi?GWVersion=2&SrcApp=PARTNER_APP&SrcAuth=LinksAMR&KeyUT=WOS:000335919500013&DestLinkType=FullRecord&DestApp=ALL_WOS&UsrCustomerID=d97ee273a286b266effa72435a0a7f77
30,WOS:000447378400002,10.1111/cen.13820,30047158,4,http://gateway.webofknowledge.com/gateway/Gateway.cgi?GWVersion=2&SrcApp=PARTNER_APP&SrcAuth=LinksAMR&KeyUT=WOS:000447378400002&DestLinkType=FullRecord&DestApp=ALL_WOS&UsrCustomerID=d97ee273a286b266effa72435a0a7f77
31,WOS:000385477900015,10.1097/CCM.0000000000001839,27513545,7,http://gateway.webofknowledge.com/gateway/Gateway.cgi?GWVersion=2&SrcApp=PARTNER_APP&SrcAuth=LinksAMR&KeyUT=WOS:000385477900015&DestLinkType=FullRecord&DestApp=ALL_WOS&UsrCustomerID=d97ee273a286b266effa72435a0a7f77
32,,,,0,N/A
33,WOS:000381714900011,10.1016/j.cgh.2016.04.001,27068041,34,http://gateway.webofknowledge.com/gateway/Gateway.cgi?GWVersion=2&SrcApp=PARTNER_APP&SrcAuth=LinksAMR&KeyUT=WOS:000381714900011&DestLinkType=FullRecord&DestApp=ALL_WOS&UsrCustomerID=d97ee273a286b266effa72435a0a7f77
34,WOS:000402710000011,10.1038/ajg.2017.70,28374819,20,http://gateway.webofknowledge.com/gateway/Gateway.cgi?GWVersion=2&SrcApp=PARTNER_APP&SrcAuth=LinksAMR&KeyUT=WOS:000402710000011&DestLinkType=FullRecord&DestApp=ALL_WOS&UsrCustomerID=d97ee273a286b266effa72435a0a7f77
35,WOS:000347903200014,10.1016/j.jaad.2014.10.013,25455609,24,http://gateway.webofknowledge.com/gateway/Gateway.cgi?GWVersion=2&SrcApp=PARTNER_APP&SrcAuth=LinksAMR&KeyUT=WOS:000347903200014&DestLinkType=FullRecord&DestApp=ALL_WOS&UsrCustomerID=d97ee273a286b266effa72435a0a7f77
36,WOS:000429554900001,10.3389/fpubh.2018.00064,29616206,3,http://gateway.webofknowledge.com/gateway/Gateway.cgi?GWVersion=2&SrcApp=PARTNER_APP&SrcAuth=LinksAMR&KeyUT=WOS:000429554900001&DestLinkType=FullRecord&DestApp=ALL_WOS&UsrCustomerID=d97ee273a286b266effa72435a0a7f77
37,WOS:000389557000028,10.1016/j.jbi.2016.09.001,27612974,28,http://gateway.webofknowledge.com/gateway/Gateway.cgi?GWVersion=2&SrcApp=PARTNER_APP&SrcAuth=LinksAMR&KeyUT=WOS:000389557000028&DestLinkType=FullRecord&DestApp=ALL_WOS&UsrCustomerID=d97ee273a286b266effa72435a0a7f77
38,WOS:000353349700003,10.3928/19404921-20141120-02,25420184,0,http://gateway.webofknowledge.com/gateway/Gateway.cgi?GWVersion=2&SrcApp=PARTNER_APP&SrcAuth=LinksAMR&KeyUT=WOS:000353349700003&DestLinkType=FullRecord&DestApp=ALL_WOS&UsrCustomerID=d97ee273a286b266effa72435a0a7f77
39,WOS:000458782300001,10.1016/j.jpedsurg.2018.08.058,30220452,2,http://gateway.webofknowledge.com/gateway/Gateway.cgi?GWVersion=2&SrcApp=PARTNER_APP&SrcAuth=LinksAMR&KeyUT=WOS:000458782300001&DestLinkType=FullRecord&DestApp=ALL_WOS&UsrCustomerID=d97ee273a286b266effa72435a0a7f77
40,WOS:000417205400001,10.1089/ham.2016.0131,29161114,3,http://gateway.webofknowledge.com/gateway/Gateway.cgi?GWVersion=2&SrcApp=PARTNER_APP&SrcAuth=LinksAMR&KeyUT=WOS:000417205400001&DestLinkType=FullRecord&DestApp=ALL_WOS&UsrCustomerID=d97ee273a286b266effa72435a0a7f77
41,WOS:000462092900018,10.1002/phar.2172,30101529,3,http://gateway.webofknowledge.com/gateway/Gateway.cgi?GWVersion=2&SrcApp=PARTNER_APP&SrcAuth=LinksAMR&KeyUT=WOS:000462092900018&DestLinkType=FullRecord&DestApp=ALL_WOS&UsrCustomerID=d97ee273a286b266effa72435a0a7f77
42,WOS:000348096200024,10.1097/CCM.0000000000000708,25493973,55,http://gateway.webofknowledge.com/gateway/Gateway.cgi?GWVersion=2&SrcApp=PARTNER_APP&SrcAuth=LinksAMR&KeyUT=WOS:000348096200024&DestLinkType=FullRecord&DestApp=ALL_WOS&UsrCustomerID=d97ee273a286b266effa72435a0a7f77
43,WOS:000372346000002,10.2500/ajra.2016.30.4298,26980379,8,http://gateway.webofknowledge.com/gateway/Gateway.cgi?GWVersion=2&SrcApp=PARTNER_APP&SrcAuth=LinksAMR&KeyUT=WOS:000372346000002&DestLinkType=FullRecord&DestApp=ALL_WOS&UsrCustomerID=d97ee273a286b266effa72435a0a7f77
44,,,,0,N/A
45,WOS:000427076500033,10.1136/openhrt-2017-000744,29344382,1,http://gateway.webofknowledge.com/gateway/Gateway.cgi?GWVersion=2&SrcApp=PARTNER_APP&SrcAuth=LinksAMR&KeyUT=WOS:000427076500033&DestLinkType=FullRecord&DestApp=ALL_WOS&UsrCustomerID=d97ee273a286b266effa72435a0a7f77
46,WOS:000406176000015,10.1016/j.jacc.2017.03.004,28286220,7,http://gateway.webofknowledge.com/gateway/Gateway.cgi?GWVersion=2&SrcApp=PARTNER_APP&SrcAuth=LinksAMR&KeyUT=WOS:000406176000015&DestLinkType=FullRecord&DestApp=ALL_WOS&UsrCustomerID=d97ee273a286b266effa72435a0a7f77
47,WOS:000431415300007,10.1097/TA.0000000000001764,29283970,3,http://gateway.webofknowledge.com/gateway/Gateway.cgi?GWVersion=2&SrcApp=PARTNER_APP&SrcAuth=LinksAMR&KeyUT=WOS:000431415300007&DestLinkType=FullRecord&DestApp=ALL_WOS&UsrCustomerID=d97ee273a286b266effa72435a0a7f77
48,WOS:000387078000012,10.1097/RTI.0000000000000232,27768631,13,http://gateway.webofknowledge.com/gateway/Gateway.cgi?GWVersion=2&SrcApp=PARTNER_APP&SrcAuth=LinksAMR&KeyUT=WOS:000387078000012&DestLinkType=FullRecord&DestApp=ALL_WOS&UsrCustomerID=d97ee273a286b266effa72435a0a7f77
49,WOS:000372330000001,10.1007/s10072-015-2400-1,26537494,20,http://gateway.webofknowledge.com/gateway/Gateway.cgi?GWVersion=2&SrcApp=PARTNER_APP&SrcAuth=LinksAMR&KeyUT=WOS:000372330000001&DestLinkType=FullRecord&DestApp=ALL_WOS&UsrCustomerID=d97ee273a286b266effa72435a0a7f77
10,WOS:000449579400022,10.1016/j.chiabu.2018.01.014,29366596,1,http://gateway.webofknowledge.com/gateway/Gateway.cgi?GWVersion=2&SrcApp=PARTNER_APP&SrcAuth=LinksAMR&KeyUT=WOS:000449579400022&DestLinkType=FullRecord&DestApp=ALL_WOS&UsrCustomerID=d97ee273a286b266effa72435a0a7f77
11,WOS:000429979400001,10.1177/1745506518766709,29623772,0,http://gateway.webofknowledge.com/gateway/Gateway.cgi?GWVersion=2&SrcApp=PARTNER_APP&SrcAuth=LinksAMR&KeyUT=WOS:000429979400001&DestLinkType=FullRecord&DestApp=ALL_WOS&UsrCustomerID=d97ee273a286b266effa72435a0a7f77
12,WOS:000417836200009,10.1111/jgs.15047,28873218,3,http://gateway.webofknowledge.com/gateway/Gateway.cgi?GWVersion=2&SrcApp=PARTNER_APP&SrcAuth=LinksAMR&KeyUT=WOS:000417836200009&DestLinkType=FullRecord&DestApp=ALL_WOS&UsrCustomerID=d97ee273a286b266effa72435a0a7f77
13,WOS:000351167800004,10.5664/jcsm.4354,25325592,15,http://gateway.webofknowledge.com/gateway/Gateway.cgi?GWVersion=2&SrcApp=PARTNER_APP&SrcAuth=LinksAMR&KeyUT=WOS:000351167800004&DestLinkType=FullRecord&DestApp=ALL_WOS&UsrCustomerID=d97ee273a286b266effa72435a0a7f77
14,WOS:000400335500012,10.1200/JCO.2016.71.9807,28165299,66,http://gateway.webofknowledge.com/gateway/Gateway.cgi?GWVersion=2&SrcApp=PARTNER_APP&SrcAuth=LinksAMR&KeyUT=WOS:000400335500012&DestLinkType=FullRecord&DestApp=ALL_WOS&UsrCustomerID=d97ee273a286b266effa72435a0a7f77
15,WOS:000345823600025,10.1016/S2213-2600(14)70228-0,25466352,73,http://gateway.webofknowledge.com/gateway/Gateway.cgi?GWVersion=2&SrcApp=PARTNER_APP&SrcAuth=LinksAMR&KeyUT=WOS:000345823600025&DestLinkType=FullRecord&DestApp=ALL_WOS&UsrCustomerID=d97ee273a286b266effa72435a0a7f77
16,WOS:000458278800014,10.1097/LBR.0000000000000519,29901533,4,http://gateway.webofknowledge.com/gateway/Gateway.cgi?GWVersion=2&SrcApp=PARTNER_APP&SrcAuth=LinksAMR&KeyUT=WOS:000458278800014&DestLinkType=FullRecord&DestApp=ALL_WOS&UsrCustomerID=d97ee273a286b266effa72435a0a7f77
17,WOS:000449046600001,10.1093/abm/kax026,30124759,2,http://gateway.webofknowledge.com/gateway/Gateway.cgi?GWVersion=2&SrcApp=PARTNER_APP&SrcAuth=LinksAMR&KeyUT=WOS:000449046600001&DestLinkType=FullRecord&DestApp=ALL_WOS&UsrCustomerID=d97ee273a286b266effa72435a0a7f77
18,WOS:000407492700009,10.1007/s00198-017-4097-x,28580510,14,http://gateway.webofknowledge.com/gateway/Gateway.cgi?GWVersion=2&SrcApp=PARTNER_APP&SrcAuth=LinksAMR&KeyUT=WOS:000407492700009&DestLinkType=FullRecord&DestApp=ALL_WOS&UsrCustomerID=d97ee273a286b266effa72435a0a7f77
19,WOS:000334907900004,10.1111/cen.12398,24382124,22,http://gateway.webofknowledge.com/gateway/Gateway.cgi?GWVersion=2&SrcApp=PARTNER_APP&SrcAuth=LinksAMR&KeyUT=WOS:000334907900004&DestLinkType=FullRecord&DestApp=ALL_WOS&UsrCustomerID=d97ee273a286b266effa72435a0a7f77
0,WOS:000373029800004,10.1002/eat.22481,26710932,30,http://gateway.webofknowledge.com/gateway/Gateway.cgi?GWVersion=2&SrcApp=PARTNER_APP&SrcAuth=LinksAMR&KeyUT=WOS:000373029800004&DestLinkType=FullRecord&DestApp=ALL_WOS&UsrCustomerID=d97ee273a286b266effa72435a0a7f77
1,WOS:000474262000002,10.1093/intqhc/mzy141,30020489,2,http://gateway.webofknowledge.com/gateway/Gateway.cgi?GWVersion=2&SrcApp=PARTNER_APP&SrcAuth=LinksAMR&KeyUT=WOS:000474262000002&DestLinkType=FullRecord&DestApp=ALL_WOS&UsrCustomerID=d97ee273a286b266effa72435a0a7f77
2,WOS:000437470300007,10.1183/16000617.0139-2017,29720509,12,http://gateway.webofknowledge.com/gateway/Gateway.cgi?GWVersion=2&SrcApp=PARTNER_APP&SrcAuth=LinksAMR&KeyUT=WOS:000437470300007&DestLinkType=FullRecord&DestApp=ALL_WOS&UsrCustomerID=d97ee273a286b266effa72435a0a7f77
3,WOS:000409340200007,10.1111/obr.12582,28742946,4,http://gateway.webofknowledge.com/gateway/Gateway.cgi?GWVersion=2&SrcApp=PARTNER_APP&SrcAuth=LinksAMR&KeyUT=WOS:000409340200007&DestLinkType=FullRecord&DestApp=ALL_WOS&UsrCustomerID=d97ee273a286b266effa72435a0a7f77
4,WOS:000344040300006,10.1681/ASN.2013111184,24925719,58,http://gateway.webofknowledge.com/gateway/Gateway.cgi?GWVersion=2&SrcApp=PARTNER_APP&SrcAuth=LinksAMR&KeyUT=WOS:000344040300006&DestLinkType=FullRecord&DestApp=ALL_WOS&UsrCustomerID=d97ee273a286b266effa72435a0a7f77
5,,,,0,N/A
6,WOS:000389729900006,10.1016/j.clinbiomech.2016.10.013,27816022,5,http://gateway.webofknowledge.com/gateway/Gateway.cgi?GWVersion=2&SrcApp=PARTNER_APP&SrcAuth=LinksAMR&KeyUT=WOS:000389729900006&DestLinkType=FullRecord&DestApp=ALL_WOS&UsrCustomerID=d97ee273a286b266effa72435a0a7f77
7,WOS:000380017200032,10.1177/0363546516639955,27159311,11,http://gateway.webofknowledge.com/gateway/Gateway.cgi?GWVersion=2&SrcApp=PARTNER_APP&SrcAuth=LinksAMR&KeyUT=WOS:000380017200032&DestLinkType=FullRecord&DestApp=ALL_WOS&UsrCustomerID=d97ee273a286b266effa72435a0a7f77
8,WOS:000414875500001,10.1177/2325967117736484,29152522,7,http://gateway.webofknowledge.com/gateway/Gateway.cgi?GWVersion=2&SrcApp=PARTNER_APP&SrcAuth=LinksAMR&KeyUT=WOS:000414875500001&DestLinkType=FullRecord&DestApp=ALL_WOS&UsrCustomerID=d97ee273a286b266effa72435a0a7f77
9,WOS:000403047100001,10.1177/2325967117709250,28620621,11,http://gateway.webofknowledge.com/gateway/Gateway.cgi?GWVersion=2&SrcApp=PARTNER_APP&SrcAuth=LinksAMR&KeyUT=WOS:000403047100001&DestLinkType=FullRecord&DestApp=ALL_WOS&UsrCustomerID=d97ee273a286b266effa72435a0a7f77
20,WOS:000359853000003,10.1111/dme.12734,26096918,46,http://gateway.webofknowledge.com/gateway/Gateway.cgi?GWVersion=2&SrcApp=PARTNER_APP&SrcAuth=LinksAMR&KeyUT=WOS:000359853000003&DestLinkType=FullRecord&DestApp=ALL_WOS&UsrCustomerID=d97ee273a286b266effa72435a0a7f77
21,WOS:000392793900002,10.1016/j.brachy.2016.04.392,27288156,4,http://gateway.webofknowledge.com/gateway/Gateway.cgi?GWVersion=2&SrcApp=PARTNER_APP&SrcAuth=LinksAMR&KeyUT=WOS:000392793900002&DestLinkType=FullRecord&DestApp=ALL_WOS&UsrCustomerID=d97ee273a286b266effa72435a0a7f77
22,WOS:000402808600027,10.1053/j.gastro.2017.02.003,28192108,67,http://gateway.webofknowledge.com/gateway/Gateway.cgi?GWVersion=2&SrcApp=PARTNER_APP&SrcAuth=LinksAMR&KeyUT=WOS:000402808600027&DestLinkType=FullRecord&DestApp=ALL_WOS&UsrCustomerID=d97ee273a286b266effa72435a0a7f77
23,WOS:000408746300024,10.1016/S0140-6736(17)30938-8,28689664,244,http://gateway.webofknowledge.com/gateway/Gateway.cgi?GWVersion=2&SrcApp=PARTNER_APP&SrcAuth=LinksAMR&KeyUT=WOS:000408746300024&DestLinkType=FullRecord&DestApp=ALL_WOS&UsrCustomerID=d97ee273a286b266effa72435a0a7f77
24,WOS:000351313400002,10.1016/j.dhjo.2014.09.012,25458975,6,http://gateway.webofknowledge.com/gateway/Gateway.cgi?GWVersion=2&SrcApp=PARTNER_APP&SrcAuth=LinksAMR&KeyUT=WOS:000351313400002&DestLinkType=FullRecord&DestApp=ALL_WOS&UsrCustomerID=d97ee273a286b266effa72435a0a7f77
25,WOS:000447181500008,10.1016/j.bjps.2018.06.012,30093286,4,http://gateway.webofknowledge.com/gateway/Gateway.cgi?GWVersion=2&SrcApp=PARTNER_APP&SrcAuth=LinksAMR&KeyUT=WOS:000447181500008&DestLinkType=FullRecord&DestApp=ALL_WOS&UsrCustomerID=d97ee273a286b266effa72435a0a7f77
26,WOS:000434393600004,10.1177/1043454218762705,29566596,0,http://gateway.webofknowledge.com/gateway/Gateway.cgi?GWVersion=2&SrcApp=PARTNER_APP&SrcAuth=LinksAMR&KeyUT=WOS:000434393600004&DestLinkType=FullRecord&DestApp=ALL_WOS&UsrCustomerID=d97ee273a286b266effa72435a0a7f77
27,WOS:000399300400001,10.1002/gps.4652,28146334,9,http://gateway.webofknowledge.com/gateway/Gateway.cgi?GWVersion=2&SrcApp=PARTNER_APP&SrcAuth=LinksAMR&KeyUT=WOS:000399300400001&DestLinkType=FullRecord&DestApp=ALL_WOS&UsrCustomerID=d97ee273a286b266effa72435a0a7f77
28,,,,0,N/A
29,WOS:000440867200001,10.1186/s12904-018-0354-9,30081957,0,http://gateway.webofknowledge.com/gateway/Gateway.cgi?GWVersion=2&SrcApp=PARTNER_APP&SrcAuth=LinksAMR&KeyUT=WOS:000440867200001&DestLinkType=FullRecord&DestApp=ALL_WOS&UsrCustomerID=d97ee273a286b266effa72435a0a7f77
30,WOS:000432461800031,10.1016/j.jaip.2017.07.032,28941668,5,http://gateway.webofknowledge.com/gateway/Gateway.cgi?GWVersion=2&SrcApp=PARTNER_APP&SrcAuth=LinksAMR&KeyUT=WOS:000432461800031&DestLinkType=FullRecord&DestApp=ALL_WOS&UsrCustomerID=d97ee273a286b266effa72435a0a7f77
31,WOS:000443047200007,10.1007/s13181-016-0595-z,28000146,52,http://gateway.webofknowledge.com/gateway/Gateway.cgi?GWVersion=2&SrcApp=PARTNER_APP&SrcAuth=LinksAMR&KeyUT=WOS:000443047200007&DestLinkType=FullRecord&DestApp=ALL_WOS&UsrCustomerID=d97ee273a286b266effa72435a0a7f77
32,WOS:000445579700001,10.2147/JMDH.S175512,30288046,1,http://gateway.webofknowledge.com/gateway/Gateway.cgi?GWVersion=2&SrcApp=PARTNER_APP&SrcAuth=LinksAMR&KeyUT=WOS:000445579700001&DestLinkType=FullRecord&DestApp=ALL_WOS&UsrCustomerID=d97ee273a286b266effa72435a0a7f77
33,WOS:000347856100017,10.1093/eurheartj/ehu292,25112661,60,http://gateway.webofknowledge.com/gateway/Gateway.cgi?GWVersion=2&SrcApp=PARTNER_APP&SrcAuth=LinksAMR&KeyUT=WOS:000347856100017&DestLinkType=FullRecord&DestApp=ALL_WOS&UsrCustomerID=d97ee273a286b266effa72435a0a7f77
34,WOS:000342805000032,10.1177/0363546514523386,24569702,15,http://gateway.webofknowledge.com/gateway/Gateway.cgi?GWVersion=2&SrcApp=PARTNER_APP&SrcAuth=LinksAMR&KeyUT=WOS:000342805000032&DestLinkType=FullRecord&DestApp=ALL_WOS&UsrCustomerID=d97ee273a286b266effa72435a0a7f77
35,WOS:000444425200018,10.1177/1526602818794030,30101624,3,http://gateway.webofknowledge.com/gateway/Gateway.cgi?GWVersion=2&SrcApp=PARTNER_APP&SrcAuth=LinksAMR&KeyUT=WOS:000444425200018&DestLinkType=FullRecord&DestApp=ALL_WOS&UsrCustomerID=d97ee273a286b266effa72435a0a7f77
36,WOS:000460486800018,10.1097/AOG.0000000000003029,30531578,1,http://gateway.webofknowledge.com/gateway/Gateway.cgi?GWVersion=2&SrcApp=PARTNER_APP&SrcAuth=LinksAMR&KeyUT=WOS:000460486800018&DestLinkType=FullRecord&DestApp=ALL_WOS&UsrCustomerID=d97ee273a286b266effa72435a0a7f77
37,WOS:000408164700011,10.1002/phar.1962,28556176,5,http://gateway.webofknowledge.com/gateway/Gateway.cgi?GWVersion=2&SrcApp=PARTNER_APP&SrcAuth=LinksAMR&KeyUT=WOS:000408164700011&DestLinkType=FullRecord&DestApp=ALL_WOS&UsrCustomerID=d97ee273a286b266effa72435a0a7f77
38,WOS:000411970300009,10.1371/journal.pmed.1002389,28926573,53,http://gateway.webofknowledge.com/gateway/Gateway.cgi?GWVersion=2&SrcApp=PARTNER_APP&SrcAuth=LinksAMR&KeyUT=WOS:000411970300009&DestLinkType=FullRecord&DestApp=ALL_WOS&UsrCustomerID=d97ee273a286b266effa72435a0a7f77
39,WOS:000400819600002,10.1186/s12889-017-4239-2,28482868,9,http://gateway.webofknowledge.com/gateway/Gateway.cgi?GWVersion=2&SrcApp=PARTNER_APP&SrcAuth=LinksAMR&KeyUT=WOS:000400819600002&DestLinkType=FullRecord&DestApp=ALL_WOS&UsrCustomerID=d97ee273a286b266effa72435a0a7f77
40,WOS:000347645800034,10.1002/14651858.CD006870.pub3,25178118,7,http://gateway.webofknowledge.com/gateway/Gateway.cgi?GWVersion=2&SrcApp=PARTNER_APP&SrcAuth=LinksAMR&KeyUT=WOS:000347645800034&DestLinkType=FullRecord&DestApp=ALL_WOS&UsrCustomerID=d97ee273a286b266effa72435a0a7f77
41,WOS:000392231900005,10.1007/s40273-016-0448-2,27592021,12,http://gateway.webofknowledge.com/gateway/Gateway.cgi?GWVersion=2&SrcApp=PARTNER_APP&SrcAuth=LinksAMR&KeyUT=WOS:000392231900005&DestLinkType=FullRecord&DestApp=ALL_WOS&UsrCustomerID=d97ee273a286b266effa72435a0a7f77
42,WOS:000452689800040,10.1016/j.nut.2018.05.018,30223233,1,http://gateway.webofknowledge.com/gateway/Gateway.cgi?GWVersion=2&SrcApp=PARTNER_APP&SrcAuth=LinksAMR&KeyUT=WOS:000452689800040&DestLinkType=FullRecord&DestApp=ALL_WOS&UsrCustomerID=d97ee273a286b266effa72435a0a7f77
43,WOS:000347240200001,10.1111/jcpt.12216,25294655,12,http://gateway.webofknowledge.com/gateway/Gateway.cgi?GWVersion=2&SrcApp=PARTNER_APP&SrcAuth=LinksAMR&KeyUT=WOS:000347240200001&DestLinkType=FullRecord&DestApp=ALL_WOS&UsrCustomerID=d97ee273a286b266effa72435a0a7f77
22,WOS:000387144800002,10.1111/tmi.12747,27371942,12,http://gateway.webofknowledge.com/gateway/Gateway.cgi?GWVersion=2&SrcApp=PARTNER_APP&SrcAuth=LinksAMR&KeyUT=WOS:000387144800002&DestLinkType=FullRecord&DestApp=ALL_WOS&UsrCustomerID=d97ee273a286b266effa72435a0a7f77
23,WOS:000423733800001,10.1186/s13012-018-0712-2,29370845,6,http://gateway.webofknowledge.com/gateway/Gateway.cgi?GWVersion=2&SrcApp=PARTNER_APP&SrcAuth=LinksAMR&KeyUT=WOS:000423733800001&DestLinkType=FullRecord&DestApp=ALL_WOS&UsrCustomerID=d97ee273a286b266effa72435a0a7f77
24,WOS:000396976400016,10.7189/jogh.06.010408,27231544,9,http://gateway.webofknowledge.com/gateway/Gateway.cgi?GWVersion=2&SrcApp=PARTNER_APP&SrcAuth=LinksAMR&KeyUT=WOS:000396976400016&DestLinkType=FullRecord&DestApp=ALL_WOS&UsrCustomerID=d97ee273a286b266effa72435a0a7f77
25,WOS:000414308000005,10.1177/0194599817717674,28695766,1,http://gateway.webofknowledge.com/gateway/Gateway.cgi?GWVersion=2&SrcApp=PARTNER_APP&SrcAuth=LinksAMR&KeyUT=WOS:000414308000005&DestLinkType=FullRecord&DestApp=ALL_WOS&UsrCustomerID=d97ee273a286b266effa72435a0a7f77
10,WOS:000431144300008,10.1093/jjco/hyy029,29554287,4,http://gateway.webofknowledge.com/gateway/Gateway.cgi?GWVersion=2&SrcApp=PARTNER_APP&SrcAuth=LinksAMR&KeyUT=WOS:000431144300008&DestLinkType=FullRecord&DestApp=ALL_WOS&UsrCustomerID=d97ee273a286b266effa72435a0a7f77
11,WOS:000394351500003,10.1007/s10545-016-9990-5,27858262,20,http://gateway.webofknowledge.com/gateway/Gateway.cgi?GWVersion=2&SrcApp=PARTNER_APP&SrcAuth=LinksAMR&KeyUT=WOS:000394351500003&DestLinkType=FullRecord&DestApp=ALL_WOS&UsrCustomerID=d97ee273a286b266effa72435a0a7f77
12,,,,0,N/A
13,WOS:000428840700010,10.1080/10749357.2017.1419617,29322861,3,http://gateway.webofknowledge.com/gateway/Gateway.cgi?GWVersion=2&SrcApp=PARTNER_APP&SrcAuth=LinksAMR&KeyUT=WOS:000428840700010&DestLinkType=FullRecord&DestApp=ALL_WOS&UsrCustomerID=d97ee273a286b266effa72435a0a7f77
14,,,,0,N/A
15,WOS:000385795800001,10.1038/ejcn.2016.42,27026430,11,http://gateway.webofknowledge.com/gateway/Gateway.cgi?GWVersion=2&SrcApp=PARTNER_APP&SrcAuth=LinksAMR&KeyUT=WOS:000385795800001&DestLinkType=FullRecord&DestApp=ALL_WOS&UsrCustomerID=d97ee273a286b266effa72435a0a7f77
16,WOS:000362447900002,10.1111/apt.13376,26304302,58,http://gateway.webofknowledge.com/gateway/Gateway.cgi?GWVersion=2&SrcApp=PARTNER_APP&SrcAuth=LinksAMR&KeyUT=WOS:000362447900002&DestLinkType=FullRecord&DestApp=ALL_WOS&UsrCustomerID=d97ee273a286b266effa72435a0a7f77
17,WOS:000345675300001,10.1310/hct1506-231,25433663,17,http://gateway.webofknowledge.com/gateway/Gateway.cgi?GWVersion=2&SrcApp=PARTNER_APP&SrcAuth=LinksAMR&KeyUT=WOS:000345675300001&DestLinkType=FullRecord&DestApp=ALL_WOS&UsrCustomerID=d97ee273a286b266effa72435a0a7f77
18,WOS:000339627400094,10.1186/cc13836,24745648,88,http://gateway.webofknowledge.com/gateway/Gateway.cgi?GWVersion=2&SrcApp=PARTNER_APP&SrcAuth=LinksAMR&KeyUT=WOS:000339627400094&DestLinkType=FullRecord&DestApp=ALL_WOS&UsrCustomerID=d97ee273a286b266effa72435a0a7f77
19,WOS:000427658000016,10.1007/s00484-017-1455-5,29022096,3,http://gateway.webofknowledge.com/gateway/Gateway.cgi?GWVersion=2&SrcApp=PARTNER_APP&SrcAuth=LinksAMR&KeyUT=WOS:000427658000016&DestLinkType=FullRecord&DestApp=ALL_WOS&UsrCustomerID=d97ee273a286b266effa72435a0a7f77
0,WOS:000344194500016,10.1001/jama.2014.14173,25369490,106,http://gateway.webofknowledge.com/gateway/Gateway.cgi?GWVersion=2&SrcApp=PARTNER_APP&SrcAuth=LinksAMR&KeyUT=WOS:000344194500016&DestLinkType=FullRecord&DestApp=ALL_WOS&UsrCustomerID=d97ee273a286b266effa72435a0a7f77
1,WOS:000351009800013,10.1097/01.ogx.0000462918.65978.4f,,1,http://gateway.webofknowledge.com/gateway/Gateway.cgi?GWVersion=2&SrcApp=PARTNER_APP&SrcAuth=LinksAMR&KeyUT=WOS:000351009800013&DestLinkType=FullRecord&DestApp=ALL_WOS&UsrCustomerID=d97ee273a286b266effa72435a0a7f77
2,WOS:000404962700080,10.1097/SCS.0000000000003722,28582304,4,http://gateway.webofknowledge.com/gateway/Gateway.cgi?GWVersion=2&SrcApp=PARTNER_APP&SrcAuth=LinksAMR&KeyUT=WOS:000404962700080&DestLinkType=FullRecord&DestApp=ALL_WOS&UsrCustomerID=d97ee273a286b266effa72435a0a7f77
3,WOS:000425282500007,10.1016/j.smrv.2017.04.002,28625480,1,http://gateway.webofknowledge.com/gateway/Gateway.cgi?GWVersion=2&SrcApp=PARTNER_APP&SrcAuth=LinksAMR&KeyUT=WOS:000425282500007&DestLinkType=FullRecord&DestApp=ALL_WOS&UsrCustomerID=d97ee273a286b266effa72435a0a7f77
4,WOS:000378056300005,10.3747/co.23.2920,27330356,16,http://gateway.webofknowledge.com/gateway/Gateway.cgi?GWVersion=2&SrcApp=PARTNER_APP&SrcAuth=LinksAMR&KeyUT=WOS:000378056300005&DestLinkType=FullRecord&DestApp=ALL_WOS&UsrCustomerID=d97ee273a286b266effa72435a0a7f77
5,WOS:000435869300006,10.1111/nuf.12236,29077202,1,http://gateway.webofknowledge.com/gateway/Gateway.cgi?GWVersion=2&SrcApp=PARTNER_APP&SrcAuth=LinksAMR&KeyUT=WOS:000435869300006&DestLinkType=FullRecord&DestApp=ALL_WOS&UsrCustomerID=d97ee273a286b266effa72435a0a7f77
6,WOS:000447692900016,10.1213/ANE.0000000000003409,29782404,3,http://gateway.webofknowledge.com/gateway/Gateway.cgi?GWVersion=2&SrcApp=PARTNER_APP&SrcAuth=LinksAMR&KeyUT=WOS:000447692900016&DestLinkType=FullRecord&DestApp=ALL_WOS&UsrCustomerID=d97ee273a286b266effa72435a0a7f77
7,WOS:000438660500016,10.1016/j.jpsychires.2018.02.013,29631190,2,http://gateway.webofknowledge.com/gateway/Gateway.cgi?GWVersion=2&SrcApp=PARTNER_APP&SrcAuth=LinksAMR&KeyUT=WOS:000438660500016&DestLinkType=FullRecord&DestApp=ALL_WOS&UsrCustomerID=d97ee273a286b266effa72435a0a7f77
8,WOS:000370816400003,10.1177/0269216315583446,25921709,36,http://gateway.webofknowledge.com/gateway/Gateway.cgi?GWVersion=2&SrcApp=PARTNER_APP&SrcAuth=LinksAMR&KeyUT=WOS:000370816400003&DestLinkType=FullRecord&DestApp=ALL_WOS&UsrCustomerID=d97ee273a286b266effa72435a0a7f77
9,WOS:000367290000015,10.1002/pbc.25695,26700928,41,http://gateway.webofknowledge.com/gateway/Gateway.cgi?GWVersion=2&SrcApp=PARTNER_APP&SrcAuth=LinksAMR&KeyUT=WOS:000367290000015&DestLinkType=FullRecord&DestApp=ALL_WOS&UsrCustomerID=d97ee273a286b266effa72435a0a7f77
20,WOS:000392460000018,10.1016/j.apmr.2016.07.025,27576191,2,http://gateway.webofknowledge.com/gateway/Gateway.cgi?GWVersion=2&SrcApp=PARTNER_APP&SrcAuth=LinksAMR&KeyUT=WOS:000392460000018&DestLinkType=FullRecord&DestApp=ALL_WOS&UsrCustomerID=d97ee273a286b266effa72435a0a7f77
21,WOS:000450668300093,10.1016/j.wneu.2018.08.163,30172972,2,http://gateway.webofknowledge.com/gateway/Gateway.cgi?GWVersion=2&SrcApp=PARTNER_APP&SrcAuth=LinksAMR&KeyUT=WOS:000450668300093&DestLinkType=FullRecord&DestApp=ALL_WOS&UsrCustomerID=d97ee273a286b266effa72435a0a7f77
